,Candidate,Party,Votes,Constituency
0,GULAB KAMRO,Indian National Congress,51732,Chhattisgarh - Bharatpur-sonhat
1,CHAMPADEVI PAWLE,Bharatiya Janata Party,35199,Chhattisgarh - Bharatpur-sonhat
2,SHYAM SINGH MARKAM,Gondvana Gantantra Party,26632,Chhattisgarh - Bharatpur-sonhat
3,KRISHANA PRASAD CHERVA,Bahujan Samaj Party,9689,Chhattisgarh - Bharatpur-sonhat
4,SUKHMANTI BAI,Aam Aadmi Party,2205,Chhattisgarh - Bharatpur-sonhat
5,SHARAN SINGH,Independent,1486,Chhattisgarh - Bharatpur-sonhat
6,KRISHNA KANT NAGVANSHI,Chhattisgarh Vikas Ganga Rashtriya Party,1409,Chhattisgarh - Bharatpur-sonhat
7,MADANLAL,Bhartiya Panchyat Party,837,Chhattisgarh - Bharatpur-sonhat
8,POOJA SINGH POYA,Pichhara Samaj Party United,626,Chhattisgarh - Bharatpur-sonhat
9,None of the Above,None of the Above,3360,Chhattisgarh - Bharatpur-sonhat
10,DR. VINAY JAISWAL,Indian National Congress,35819,Chhattisgarh - Manendragarh
11,SHYAM BIHARI JAISWAL,Bharatiya Janata Party,31745,Chhattisgarh - Manendragarh
12,LAKHAN LAL SHRIVASTAVA (PANI WALE BABA),Janta Congress Chhattisgarh (J),12907,Chhattisgarh - Manendragarh
13,ADITYA RAJ DAVID,Gondvana Gantantra Party,11564,Chhattisgarh - Manendragarh
14,SATISH KUMAR SINGH,Aam Aadmi Party,1004,Chhattisgarh - Manendragarh
15,DEEPAK KUMAR,Independent,805,Chhattisgarh - Manendragarh
16,DIGAMBER SINGH,Independent,766,Chhattisgarh - Manendragarh
17,JALJEET SINGH POYA,Rashtriya Gondvana Party,526,Chhattisgarh - Manendragarh
18,DR. FLORENCE NIGHTINGLE SAGAR (DR. LAKRA MADAM),Janata Dal  (United),374,Chhattisgarh - Manendragarh
19,PARATAP SINGH,Bhartiya Panchyat Party,266,Chhattisgarh - Manendragarh
20,None of the Above,None of the Above,2112,Chhattisgarh - Manendragarh
21,AMBICA SINGH DEO,Indian National Congress,48885,Chhattisgarh - Baikunthpur
22,BHAIYALAL RAJWADE,Bharatiya Janata Party,43546,Chhattisgarh - Baikunthpur
23,ENGR.SANJAY SINGH KAMRO,Gondvana Gantantra Party,20247,Chhattisgarh - Baikunthpur
24,BIHARI LAL RAJWADE,Janta Congress Chhattisgarh (J),9236,Chhattisgarh - Baikunthpur
25,SUNIL SINGH,Aam Aadmi Party,1504,Chhattisgarh - Baikunthpur
26,RAM NARAYAN SAHU,Independent,1171,Chhattisgarh - Baikunthpur
27,CHINTAMANI SANDILYA,Independent,710,Chhattisgarh - Baikunthpur
28,GOPAL SINGH,Independent,615,Chhattisgarh - Baikunthpur
29,RAM PRATAP SAHU,Bhartiya Panchyat Party,579,Chhattisgarh - Baikunthpur
30,LAV SINGH UDAY,Rashtriya Gondvana Party,426,Chhattisgarh - Baikunthpur
31,None of the Above,None of the Above,2630,Chhattisgarh - Baikunthpur
32,KHEL SAI SINGH,Indian National Congress,66475,Chhattisgarh - Premnagar
33,VIJAY PRATAP SINGH,Bharatiya Janata Party,51135,Chhattisgarh - Premnagar
34,JAINATH SINGH KERAM,Gondvana Gantantra Party,26388,Chhattisgarh - Premnagar
35,PANKAJ TIWARI,Janta Congress Chhattisgarh (J),11842,Chhattisgarh - Premnagar
36,ANJAY JAIN,Aam Aadmi Party,2178,Chhattisgarh - Premnagar
37,SURAJLAL RAVI,Independent,2091,Chhattisgarh - Premnagar
38,ALOK KUMAR SAHU,Independent,1797,Chhattisgarh - Premnagar
39,SEEMA SINGH TEKAM,Independent,1250,Chhattisgarh - Premnagar
40,DEV KUMARI SINGH SANDILYA,Independent,1130,Chhattisgarh - Premnagar
41,VIDYA BAI BAGHEL,Independent,1063,Chhattisgarh - Premnagar
42,KRISHNA KUMAR DEVANGAN,Independent,801,Chhattisgarh - Premnagar
43,KHEMRAJ SINGH,Bhartiya Panchyat Party,717,Chhattisgarh - Premnagar
44,MALTI BIHARI RAJWADE,Janata Dal  (United),608,Chhattisgarh - Premnagar
45,None of the Above,None of the Above,4058,Chhattisgarh - Premnagar
46,PARAS NATH RAJWADE,Indian National Congress,74623,Chhattisgarh - Bhatgaon
47,RAJNI RAVISHANKAR TRIPATHI,Bharatiya Janata Party,58889,Chhattisgarh - Bhatgaon
48,RAM ADHEEN POYA,Samajwadi Party,10050,Chhattisgarh - Bhatgaon
49,SURENDRA CHOUDHARY,Janta Congress Chhattisgarh (J),9067,Chhattisgarh - Bhatgaon
50,MADHU TIWARI,Independent,3967,Chhattisgarh - Bhatgaon
51,SURENDRA LAL SINGH NETI,Communist Party of India  (Marxist),2673,Chhattisgarh - Bhatgaon
52,DILEEP YADAV (KASKELA),Independent,1608,Chhattisgarh - Bhatgaon
53,LAVKUSH THAKUR,Independent,1407,Chhattisgarh - Bhatgaon
54,SAHEBAN PRASAD BHAGAT,Independent,1228,Chhattisgarh - Bhatgaon
55,ALAM SAI SINGH,Independent,1005,Chhattisgarh - Bhatgaon
56,D. K. SONI,Aam Aadmi Party,877,Chhattisgarh - Bhatgaon
57,TILESHWAR PRASAD RAJWADE,Independent,844,Chhattisgarh - Bhatgaon
58,OM PRAKASH SONWANI,Independent,807,Chhattisgarh - Bhatgaon
59,SITA RAM BHASKAR,Independent,803,Chhattisgarh - Bhatgaon
60,MOHAN SINGH TEKAM,Shiv Sena,734,Chhattisgarh - Bhatgaon
61,KUMAIT SANDIL,Independent,692,Chhattisgarh - Bhatgaon
62,UPENDRA GUPTA,Independent,683,Chhattisgarh - Bhatgaon
63,RAMLAL RAJWADE,Bhartiya Panchyat Party,517,Chhattisgarh - Bhatgaon
64,HARIBHAGAT YADAV,Independent,472,Chhattisgarh - Bhatgaon
65,ANAND RAJWADE,Independent,439,Chhattisgarh - Bhatgaon
66,None of the Above,None of the Above,981,Chhattisgarh - Bhatgaon
67,DR. PREMSAI SINGH TEKAM,Indian National Congress,90148,Chhattisgarh - Pratappur
68,RAMSEWAK PAIKRA,Bharatiya Janata Party,46043,Chhattisgarh - Pratappur
69,ASHA DEVI POYA,Gondvana Gantantra Party,17341,Chhattisgarh - Pratappur
70,DR. NARENDRA PRATAP SINGH,Janta Congress Chhattisgarh (J),5977,Chhattisgarh - Pratappur
71,CHHOTELAL TIRKEY,Aam Aadmi Party,1971,Chhattisgarh - Pratappur
72,VIRNARAYAN SINGH,Independent,1808,Chhattisgarh - Pratappur
73,PREMSAI SINGH FATHER LAKSHAN,Independent,1375,Chhattisgarh - Pratappur
74,RAMASAPNA SINGH,Ambedkarite Party of India,1181,Chhattisgarh - Pratappur
75,PREMSAI SINGH FATHER RAMVRIKSHA AAYAM,Independent,792,Chhattisgarh - Pratappur
76,NARESH BEK,Bahujan Mukti Party,741,Chhattisgarh - Pratappur
77,PREMSAI,Independent,692,Chhattisgarh - Pratappur
78,DHANPAT SINGH AAYAM,Independent,569,Chhattisgarh - Pratappur
79,None of the Above,None of the Above,5741,Chhattisgarh - Pratappur
80,BRIHASPAT SINGH,Indian National Congress,64580,Chhattisgarh - Ramanujganj
81,RAMKISHUN SINGH,Bharatiya Janata Party,31664,Chhattisgarh - Ramanujganj
82,VINAY PAIKRA,Independent,29241,Chhattisgarh - Ramanujganj
83,MOHAN SINGH,Janta Congress Chhattisgarh (J),10354,Chhattisgarh - Ramanujganj
84,DAYA SHANKAR MARKAM,Gondvana Gantantra Party,4691,Chhattisgarh - Ramanujganj
85,SHRAWAN SINGH,Independent,1676,Chhattisgarh - Ramanujganj
86,BABLA NAND RAGHUVANSHI,Ambedkarite Party of India,1449,Chhattisgarh - Ramanujganj
87,MOTILAL PANDO,Independent,1429,Chhattisgarh - Ramanujganj
88,SYAMLAL MARKAM,Independent,1224,Chhattisgarh - Ramanujganj
89,JAILAL LAKRA,Janata Dal  (United),1069,Chhattisgarh - Ramanujganj
90,DHARMU EKKA,Bahujan Mukti Party,1037,Chhattisgarh - Ramanujganj
91,RAJPAL SINGH NAGWANSHI,Independent,969,Chhattisgarh - Ramanujganj
92,SUGRIV RAM,Aam Aadmi Party,844,Chhattisgarh - Ramanujganj
93,DAYANAND SINGH,Independent,591,Chhattisgarh - Ramanujganj
94,None of the Above,None of the Above,4055,Chhattisgarh - Ramanujganj
95,CHINTAMANI MAHRAJ,Indian National Congress,80620,Chhattisgarh - Samri
96,SIDHNATH PAIKRA,Bharatiya Janata Party,58697,Chhattisgarh - Samri
97,MITKOO BHAGAT,Bahujan Samaj Party,6587,Chhattisgarh - Samri
98,ARJUN SANDILY,Samajwadi Party,1968,Chhattisgarh - Samri
99,PAWAN KUMAR NAG,Bahujan Mukti Party,1824,Chhattisgarh - Samri
100,RADHESHYAM NAGESIYA,Independent,1707,Chhattisgarh - Samri
101,MUKESH PRASAD SANDILYA,Independent,1671,Chhattisgarh - Samri
102,ANAND TIGGA,Independent,1554,Chhattisgarh - Samri
103,DR SOHAN LAL KANWAR,Aam Aadmi Party,1114,Chhattisgarh - Samri
104,AJEET KUMAR SINGH,Independent,833,Chhattisgarh - Samri
105,None of the Above,None of the Above,6250,Chhattisgarh - Samri
106,DR. PRITAM RAM,Indian National Congress,77773,Chhattisgarh - Lundra
107,VIJAYNATH SINGH,Bharatiya Janata Party,55594,Chhattisgarh - Lundra
108,SUMITRA SINGH PAIKRA,Independent,1949,Chhattisgarh - Lundra
109,PRADEEP BARWA,Aam Aadmi Party,1884,Chhattisgarh - Lundra
110,MAYA BHAGAT,Bahujan Samaj Party,1804,Chhattisgarh - Lundra
111,RAM PRASAD TEKAM,Independent,1799,Chhattisgarh - Lundra
112,CHAKRADHARI SINGH,Nationalist Congress Party,1567,Chhattisgarh - Lundra
113,MEENA SINGH TEKAM,Communist Party of India  (Marxist),1562,Chhattisgarh - Lundra
114,RAM KUMAR SINGH,Independent,1252,Chhattisgarh - Lundra
115,SUNA RAM EKKA,Independent,1169,Chhattisgarh - Lundra
116,FRANSISKA TIRKEY,Pichhara Samaj Party United,704,Chhattisgarh - Lundra
117,BHARAT SINGH MARAVI,Independent,655,Chhattisgarh - Lundra
118,PARASNATH LAKRA,Independent,529,Chhattisgarh - Lundra
119,CHAIN SAI KINDO,Independent,511,Chhattisgarh - Lundra
120,NIRANJAN BARWA,Independent,502,Chhattisgarh - Lundra
121,None of the Above,None of the Above,2626,Chhattisgarh - Lundra
122,T.S. BABA,Indian National Congress,100439,Chhattisgarh - Ambikapur
123,ANURAG SINGH DEO,Bharatiya Janata Party,60815,Chhattisgarh - Ambikapur
124,GOPAL PRASAD GUPTA,Gondvana Gantantra Party,4459,Chhattisgarh - Ambikapur
125,TARUN KUMAR BHAGAT,Independent,2173,Chhattisgarh - Ambikapur
126,KRANTI KUMAR RAWAT,Independent,2103,Chhattisgarh - Ambikapur
127,SITA RAM DAS,Bahujan Samaj Party,1322,Chhattisgarh - Ambikapur
128,T S SINGH (BABA),Independent,1075,Chhattisgarh - Ambikapur
129,PARASNATH RAJWADE,Independent,981,Chhattisgarh - Ambikapur
130,KRISHNA NANDAN SINGH,Independent,592,Chhattisgarh - Ambikapur
131,ARVIND KACHCHHAP,Bahujan Mukti Party,507,Chhattisgarh - Ambikapur
132,SAKET TRIPATHI,Aam Aadmi Party,424,Chhattisgarh - Ambikapur
133,TRIBHUVAN KUMAR,Ambedkarite Party of India,360,Chhattisgarh - Ambikapur
134,MUSKAN RAJAK,Independent,358,Chhattisgarh - Ambikapur
135,JHAMKESHWAR PAIKRA,Chhattisgarh Swabhiman Manch,334,Chhattisgarh - Ambikapur
136,KAMAL KUMAR KASHYAP,Independent,327,Chhattisgarh - Ambikapur
137,ALIMUDDIN QUADARI,Independent,319,Chhattisgarh - Ambikapur
138,VIJAY TIWARI,Independent,307,Chhattisgarh - Ambikapur
139,SATENDRA KUMAR SINGH,Independent,288,Chhattisgarh - Ambikapur
140,SHARAD TRIPATHI,Shiv Sena,284,Chhattisgarh - Ambikapur
141,SUJAN BIND,Rashtriya mahan Gantantra Party,258,Chhattisgarh - Ambikapur
142,T.S.SINGH (BABA),Janata Congress,254,Chhattisgarh - Ambikapur
143,VIJAY KUMAR PAIKRA,Independent,161,Chhattisgarh - Ambikapur
144,None of the Above,None of the Above,609,Chhattisgarh - Ambikapur
145,AMARJEET BHAGAT,Indian National Congress,86670,Chhattisgarh - Sitapur
146,PROFESSOR GOPAL RAM,Bharatiya Janata Party,50533,Chhattisgarh - Sitapur
147,SETRAM BARA,Janta Congress Chhattisgarh (J),2495,Chhattisgarh - Sitapur
148,SHANTI PRAKASH,Independent,1938,Chhattisgarh - Sitapur
149,ASHOK TIRKEY,Aam Aadmi Party,1680,Chhattisgarh - Sitapur
150,MUNNA TOPPO,Independent,1629,Chhattisgarh - Sitapur
151,VIPIN BIHARI PAIKARA,Independent,890,Chhattisgarh - Sitapur
152,RAMCHANDRA PAIKARA,Independent,876,Chhattisgarh - Sitapur
153,JEMS TOPPO,Independent,500,Chhattisgarh - Sitapur
154,GOPAL RAM TIGGA,Independent,452,Chhattisgarh - Sitapur
155,GOPAL RAM LAKRA,Independent,371,Chhattisgarh - Sitapur
156,None of the Above,None of the Above,5189,Chhattisgarh - Sitapur
157,VINAY KUMAR BHAGAT,Indian National Congress,71963,Chhattisgarh - Jashpur
158,GOVIND RAM BHAGAT,Bharatiya Janata Party,63937,Chhattisgarh - Jashpur
159,PRADEEP SINGH,Independent,10646,Chhattisgarh - Jashpur
160,NAN RAM BHARDWAJ,Independent,4784,Chhattisgarh - Jashpur
161,KRIPA SHANKAR BHAGAT,Samajwadi Party,2551,Chhattisgarh - Jashpur
162,VISHNU RAM,Independent,2394,Chhattisgarh - Jashpur
163,ROHIT LAKRA,Aam Aadmi Party,2281,Chhattisgarh - Jashpur
164,GAGANMATI BHAGAT,Bahujan Samaj Party,2081,Chhattisgarh - Jashpur
165,EMMANUEL KERKETTA,Republican Party of India (A),1886,Chhattisgarh - Jashpur
166,RENUKA BHAGAT,Independent,1634,Chhattisgarh - Jashpur
167,SUKRU BHAGAT,Bhartiya Tribal Party,1005,Chhattisgarh - Jashpur
168,HARSH KUJUR,Bahujan Mukti Party,899,Chhattisgarh - Jashpur
169,None of the Above,None of the Above,4317,Chhattisgarh - Jashpur
170,U. D. MINJ,Indian National Congress,69896,Chhattisgarh - Kunkuri
171,BHARAT SAI,Bharatiya Janata Party,65603,Chhattisgarh - Kunkuri
172,BENJAMIN MINJ,Bahujan Samaj Party,1970,Chhattisgarh - Kunkuri
173,ASUNDEV SAI,Aam Aadmi Party,1842,Chhattisgarh - Kunkuri
174,SUSHILA SAI PAINKRA,Independent,1619,Chhattisgarh - Kunkuri
175,KAMLESHWAR RAM NAYAK,Independent,1574,Chhattisgarh - Kunkuri
176,MUKTI MINJ,Independent,1571,Chhattisgarh - Kunkuri
177,BALRAM KUNWAR,Ambedkarite Party of India,1106,Chhattisgarh - Kunkuri
178,BODH SAI,Bhartiya Tribal Party,1047,Chhattisgarh - Kunkuri
179,KAUSHAL KUMAR OHDAR,Independent,908,Chhattisgarh - Kunkuri
180,SHYAM SUNDAR MARAVI,Gondvana Gantantra Party,888,Chhattisgarh - Kunkuri
181,SATMAN SAI,Chhattisgarhi Samaj Party,480,Chhattisgarh - Kunkuri
182,INDRANATH PAINKRA,Independent,458,Chhattisgarh - Kunkuri
183,MANOHAR TIRKEY,Republican Party of India (A),340,Chhattisgarh - Kunkuri
184,None of the Above,None of the Above,2129,Chhattisgarh - Kunkuri
185,RAMPUKAR SINGH THAKUR,Indian National Congress,96599,Chhattisgarh - Pathalgaon
186,SHIVSHANKAR PAINKARA,Bharatiya Janata Party,59913,Chhattisgarh - Pathalgaon
187,M. S. PAINKARA,Janta Congress Chhattisgarh (J),3915,Chhattisgarh - Pathalgaon
188,YAGYA KUMAR BHAGAT,Independent,2619,Chhattisgarh - Pathalgaon
189,PATRIK BAKHLA,Independent,1175,Chhattisgarh - Pathalgaon
190,MEERA TIRKEY,Aam Aadmi Party,854,Chhattisgarh - Pathalgaon
191,TIKESHWAR EKKA,Independent,821,Chhattisgarh - Pathalgaon
192,RUPNARAYAN EKKA,Bahujan Mukti Party,818,Chhattisgarh - Pathalgaon
193,KARTIK SAI SIDAR,Independent,533,Chhattisgarh - Pathalgaon
194,LALESHWAR JAGAT,Gondvana Gantantra Party,494,Chhattisgarh - Pathalgaon
195,SWAMI KARTIK BHAGAT,Bharatiya Bahujan Congress,459,Chhattisgarh - Pathalgaon
196,None of the Above,None of the Above,5159,Chhattisgarh - Pathalgaon
197,CHAKRADHAR SINGH SIDAR,Indian National Congress,81770,Chhattisgarh - Lailunga
198,SATYANAND RATHIYA,Bharatiya Janata Party,57287,Chhattisgarh - Lailunga
199,HRIDYA RAM RATHIYA,Janta Congress Chhattisgarh (J),12195,Chhattisgarh - Lailunga
200,DARSHAN SIDAR,Gondvana Gantantra Party,2470,Chhattisgarh - Lailunga
201,SHIVPAL BHAGAT,Independent,2000,Chhattisgarh - Lailunga
202,SURESH KUMAR KUJUR,Independent,1559,Chhattisgarh - Lailunga
203,GOVIND SINGH NETI,Independent,1052,Chhattisgarh - Lailunga
204,SUNIL MINJ,Bhartiya Tribal Party,841,Chhattisgarh - Lailunga
205,None of the Above,None of the Above,4092,Chhattisgarh - Lailunga
206,PRAKASH SHAKRAJEET NAIK,Indian National Congress,69062,Chhattisgarh - Raigarh
207,ROSHANLAL,Bharatiya Janata Party,54482,Chhattisgarh - Raigarh
208,VIJAY AGRAWAL,Independent,42914,Chhattisgarh - Raigarh
209,RAVISHANKAR PATEL,Independent,7823,Chhattisgarh - Raigarh
210,VIBHAS SINGH THAKUR,Janta Congress Chhattisgarh (J),5823,Chhattisgarh - Raigarh
211,BIRSINGH NAGESH,Bhartiya Tribal Party,2114,Chhattisgarh - Raigarh
212,MUKUND GUPTA,Independent,1918,Chhattisgarh - Raigarh
213,CHEHARALAL CHOUHAN,Independent,1486,Chhattisgarh - Raigarh
214,BHARAT KUMAR DUBEY (OM TENT),Independent,777,Chhattisgarh - Raigarh
215,RAJESH TRIPATHI,Aam Aadmi Party,499,Chhattisgarh - Raigarh
216,MAHESH KUMAR KHOBRAGADE,Ambedkarite Party of India,476,Chhattisgarh - Raigarh
217,SHARMILA DEVI,Bharatiya Rashtravadi Samanta Party,429,Chhattisgarh - Raigarh
218,RAJESH JAIN,Shiv Sena,384,Chhattisgarh - Raigarh
219,GOVIND DUBEY (AD.),Independent,319,Chhattisgarh - Raigarh
220,TEJRAM MALAKAR,Independent,291,Chhattisgarh - Raigarh
221,NURUL SHAMS ALIAS JAVED ALI,Independent,282,Chhattisgarh - Raigarh
222,NAZIR AHMAD,Independent,239,Chhattisgarh - Raigarh
223,None of the Above,None of the Above,2215,Chhattisgarh - Raigarh
224,UTTARI GANPAT JANGDE,Indian National Congress,101834,Chhattisgarh - Sarangarh
225,KERA BAI  MANAHAR,Bharatiya Janata Party,49445,Chhattisgarh - Sarangarh
226,ARVIND KHATKER,Bahujan Samaj Party,31083,Chhattisgarh - Sarangarh
227,SANTOSHI,Independent,1476,Chhattisgarh - Sarangarh
228,KRISHNA CHAND BHARDVAJ,Independent,1147,Chhattisgarh - Sarangarh
229,SANTOSH KUMAR CHAUHAN,Independent,1139,Chhattisgarh - Sarangarh
230,DEVANAND NIRALA,Bharatiya Bahujan Congress,1076,Chhattisgarh - Sarangarh
231,SEEMA  AJAY,Ambedkarite Party of India,1055,Chhattisgarh - Sarangarh
232,SUBHASH CHAUHAN,Aam Aadmi Party,1024,Chhattisgarh - Sarangarh
233,DHANKA  NIRALA,Independent,771,Chhattisgarh - Sarangarh
234,GHURAU SARTHI,Independent,748,Chhattisgarh - Sarangarh
235,MANGAL PRASAD MAHESH,Bhartiya Lokmat Rashtrwadi Party,495,Chhattisgarh - Sarangarh
236,RAVINDRA KUMAR RATRE,Sunder Samaj Party,389,Chhattisgarh - Sarangarh
237,None of the Above,None of the Above,2342,Chhattisgarh - Sarangarh
238,UMESH PATEL,Indian National Congress,94201,Chhattisgarh - Kharsia
239,OP CHOUDHARY,Bharatiya Janata Party,77234,Chhattisgarh - Kharsia
240,VIJAY SHARMA,Independent,1252,Chhattisgarh - Kharsia
241,NARAYAN SIDAR,Bahujan Samaj Party,965,Chhattisgarh - Kharsia
242,AMAR AGRAWAL,Aam Aadmi Party,600,Chhattisgarh - Kharsia
243,RAMESH KUMAR AGRAWAL,Independent,333,Chhattisgarh - Kharsia
244,DHANMATI RATHIA,Ambedkarite Party of India,306,Chhattisgarh - Kharsia
245,SAKRAMATI SITRAM SIDAR,Gondvana Gantantra Party,235,Chhattisgarh - Kharsia
246,BHOGILAL YADAV (ADVOCATE),Independent,201,Chhattisgarh - Kharsia
247,UMMED SINGH RATHIA,Independent,156,Chhattisgarh - Kharsia
248,STAR RAMKUMAR,Sunder Samaj Party,155,Chhattisgarh - Kharsia
249,None of the Above,None of the Above,2368,Chhattisgarh - Kharsia
250,LALJEET SINGH RATHIA,Indian National Congress,95173,Chhattisgarh - Dharamjaigarh
251,LEENAV BIRJU RATHIA,Bharatiya Janata Party,54838,Chhattisgarh - Dharamjaigarh
252,SANTRAM RATHIA,Janta Congress Chhattisgarh (J),4574,Chhattisgarh - Dharamjaigarh
253,HARI TIRKEY,Independent,2314,Chhattisgarh - Dharamjaigarh
254,LAKHAN LAL BAIGA,Ambedkarite Party of India,1615,Chhattisgarh - Dharamjaigarh
255,JAI SINGH SIDAR,Samajwadi Party,1563,Chhattisgarh - Dharamjaigarh
256,ANUP KUMAR BARWA,Bahujan Mukti Party,1538,Chhattisgarh - Dharamjaigarh
257,LINYUS TOPPO,Independent,1241,Chhattisgarh - Dharamjaigarh
258,PREM SINGH RATHIA,Aam Aadmi Party,1174,Chhattisgarh - Dharamjaigarh
259,None of the Above,None of the Above,5954,Chhattisgarh - Dharamjaigarh
260,NANKI RAM KANWAR,Bharatiya Janata Party,65048,Chhattisgarh - Rampur
261,PHOOL SINGH RATHIYA,Janta Congress Chhattisgarh (J),46873,Chhattisgarh - Rampur
262,SHYAM LAL KANWAR,Indian National Congress,44261,Chhattisgarh - Rampur
263,CHANDRABHUSHAN KANWAR ADHIWAKTA LLM,Ambedkarite Party of India,2451,Chhattisgarh - Rampur
264,RAMDAYAL URAON,Independent,1842,Chhattisgarh - Rampur
265,TULSI RAM KHAIRWAR,Independent,1525,Chhattisgarh - Rampur
266,DILIP SINGH KANWAR,Adhikar Vikas Party,1407,Chhattisgarh - Rampur
267,None of the Above,None of the Above,4609,Chhattisgarh - Rampur
268,JAISINGH AGRAWAL(JAISINGH BHAIYA),Indian National Congress,70119,Chhattisgarh - Korba
269,VIKAS MAHTO,Bharatiya Janata Party,58313,Chhattisgarh - Korba
270,RAM SINGH AGRAWAL(CHACHA),Janta Congress Chhattisgarh (J),20938,Chhattisgarh - Korba
271,VISHAL KELKAR(ENGINEER),Independent,4859,Chhattisgarh - Korba
272,RAM LAL SURYWANSHI,Independent,1210,Chhattisgarh - Korba
273,RAJESH PANDEY,Independent,914,Chhattisgarh - Korba
274,VIKAS KUMAR MAHTO,Nationalist Congress Party,671,Chhattisgarh - Korba
275,SHERE HAQUE,Independent,636,Chhattisgarh - Korba
276,ANUP AGRAWAL,Aam Aadmi Party,632,Chhattisgarh - Korba
277,AMARNATH AGRAWAL(AMARNATH MATIMANCH),Independent,573,Chhattisgarh - Korba
278,LAKHAN LAL DEWANGAN,Samajwadi Party,385,Chhattisgarh - Korba
279,DHARMENDRA SINGH DHRUW,Ambedkarite Party of India,309,Chhattisgarh - Korba
280,MADHUR ROBERTS( GURUJI),Rashtriya Gondvana Party,271,Chhattisgarh - Korba
281,RAJJAK ALI,Independent,267,Chhattisgarh - Korba
282,RAM CHARAN PATEL,Independent,254,Chhattisgarh - Korba
283,DHANSAI MADHUKAR(DR. D.S. MADHUKAR),Chhattisgarh Vikas Ganga Rashtriya Party,173,Chhattisgarh - Korba
284,DUDEN KHANDE,Independent,127,Chhattisgarh - Korba
285,PAWAN MAHANT,Independent,124,Chhattisgarh - Korba
286,SUSHIL KUMAR VISHVAKARMA,Independent,123,Chhattisgarh - Korba
287,SATRUDHAN SAHU,Independent,105,Chhattisgarh - Korba
288,None of the Above,None of the Above,1014,Chhattisgarh - Korba
289,PURUSHOTTAM KANWAR,Indian National Congress,59227,Chhattisgarh - Katghora
290,LAKHANLAL DEWANGAN,Bharatiya Janata Party,47716,Chhattisgarh - Katghora
291,GOVIND SINGH RAJPUT,Janta Congress Chhattisgarh (J),30509,Chhattisgarh - Katghora
292,LALIT MANIKPURI,Gondvana Gantantra Party,4520,Chhattisgarh - Katghora
293,SAPURAN KULDEEP,Communist Party of India  (Marxist),4113,Chhattisgarh - Katghora
294,CHANDRAKANT DIXENA CHANDU,Aam Aadmi Party,1278,Chhattisgarh - Katghora
295,MADHURI KAIWART,Bharat Bhoomi Party,1155,Chhattisgarh - Katghora
296,BHARATLAL SHROTE,Independent,1070,Chhattisgarh - Katghora
297,DILIP SINGH KANWAR,Ambedkarite Party of India,895,Chhattisgarh - Katghora
298,PURUSHOTTAM SINGH KANWAR,Janata Congress,645,Chhattisgarh - Katghora
299,None of the Above,None of the Above,2867,Chhattisgarh - Katghora
300,MOHIT RAM,Indian National Congress,66971,Chhattisgarh - Pali-tanakhar
301,HIRA SINGH MARKAM,Gondvana Gantantra Party,57315,Chhattisgarh - Pali-tanakhar
302,UIKE RAMDYAL,Bharatiya Janata Party,32155,Chhattisgarh - Pali-tanakhar
303,SUKHNANDAN SINGH PUHUP,Aam Aadmi Party,3239,Chhattisgarh - Pali-tanakhar
304,CRESENTIA KUJUR,Independent,2954,Chhattisgarh - Pali-tanakhar
305,TAPESHWAR SINGH MARAVI,Bahujan Samaj Party,2579,Chhattisgarh - Pali-tanakhar
306,ALWAN SINGH,Ambedkarite Party of India,2166,Chhattisgarh - Pali-tanakhar
307,DR.L.S. UDAY SINGH,Rashtriya Gondvana Party,1053,Chhattisgarh - Pali-tanakhar
308,None of the Above,None of the Above,5128,Chhattisgarh - Pali-tanakhar
309,AJIT JOGI,Janta Congress Chhattisgarh (J),74041,Chhattisgarh - Marwahi
310,ARCHANA PORTE,Bharatiya Janata Party,27579,Chhattisgarh - Marwahi
311,GULAB SINGH RAJ,Indian National Congress,20040,Chhattisgarh - Marwahi
312,RITU PANDRAM,Gondvana Gantantra Party,9978,Chhattisgarh - Marwahi
313,CHANDRABHAN SINGH SHAYAM,Independent,5069,Chhattisgarh - Marwahi
314,UMEND SINGH POTTAM,Shiv Sena,2140,Chhattisgarh - Marwahi
315,LALJI MARKO,Aam Aadmi Party,1806,Chhattisgarh - Marwahi
316,GULAB SINGH PAIKRA,Independent,1494,Chhattisgarh - Marwahi
317,RAMLAL BHAINA,Independent,1422,Chhattisgarh - Marwahi
318,KHELAN SINGH KORCHE,Ambedkarite Party of India,1100,Chhattisgarh - Marwahi
319,None of the Above,None of the Above,4501,Chhattisgarh - Marwahi
320,RENU AJIT JOGI,Janta Congress Chhattisgarh (J),48800,Chhattisgarh - Kota
321,KASHI RAM SAHU,Bharatiya Janata Party,45774,Chhattisgarh - Kota
322,VIBHOR SINGH,Indian National Congress,30803,Chhattisgarh - Kota
323,BALARAM ARMO,Gondvana Gantantra Party,8163,Chhattisgarh - Kota
324,HARISH CHANDEL,Aam Aadmi Party,4953,Chhattisgarh - Kota
325,DR. URMILA SINGH MARKO,Rashtriya Gondvana Party,1590,Chhattisgarh - Kota
326,HARISH KUMAR MANDWA,Independent,1326,Chhattisgarh - Kota
327,VIRENDRA KUMAR NETAM,Ambedkarite Party of India,1052,Chhattisgarh - Kota
328,SHAMBHU PRASAD SHARMA ADVOCATE,Bharat Bhoomi Party,975,Chhattisgarh - Kota
329,SANDEEP SINGH PORTE,Independent,791,Chhattisgarh - Kota
330,MAHANT JAG KUMAR SHARMA,Independent,760,Chhattisgarh - Kota
331,None of the Above,None of the Above,3942,Chhattisgarh - Kota
332,DHARMJEET SINGH,Janta Congress Chhattisgarh (J),67742,Chhattisgarh - Lormi
333,TOKHAN SAHU,Bharatiya Janata Party,42189,Chhattisgarh - Lormi
334,SHATRUHAN (SONU) CHANDRAKAR,Indian National Congress,16669,Chhattisgarh - Lormi
335,LALIT SAHU,Independent,3706,Chhattisgarh - Lormi
336,SANAT KUMAR SAHU  (S/O BHUWAN LAL SAHU),Independent,2526,Chhattisgarh - Lormi
337,TIRITH RAM,Independent,1719,Chhattisgarh - Lormi
338,THA. MAHENDRA SINGH CHHATRI,Aam Aadmi Party,1053,Chhattisgarh - Lormi
339,RAMKUMAR GHRITLAHRE,Independent,941,Chhattisgarh - Lormi
340,SANAT KUMAR SAHU (S/O BANIHAR SAHU),Independent,861,Chhattisgarh - Lormi
341,SANTOSH KUMAR SAHU,Independent,852,Chhattisgarh - Lormi
342,RAMAVTAR NISHAD,Shiv Sena,848,Chhattisgarh - Lormi
343,MILAU RAM YADAV,Samajwadi Party,458,Chhattisgarh - Lormi
344,HARISH KUMAR KURREY,Ambedkarite Party of India,405,Chhattisgarh - Lormi
345,HEERA SINGH KASHYAP,Independent,363,Chhattisgarh - Lormi
346,PARDESHI RAM,Independent,356,Chhattisgarh - Lormi
347,MANOJ KUMAR DHURVE,Independent,335,Chhattisgarh - Lormi
348,PADARATH LAL SAHU,Independent,304,Chhattisgarh - Lormi
349,ARUN KUMAR BANJARA,Independent,274,Chhattisgarh - Lormi
350,None of the Above,None of the Above,1143,Chhattisgarh - Lormi
351,PUNNULAL MOHALE,Bharatiya Janata Party,60469,Chhattisgarh - Mungeli
352,RAKESH PATRE,Indian National Congress,51982,Chhattisgarh - Mungeli
353,CHANDRABHAN BARMATE,Janta Congress Chhattisgarh (J),32257,Chhattisgarh - Mungeli
354,GOVIND NAT,Shiv Sena,2797,Chhattisgarh - Mungeli
355,VIKAS KHANDEKER,Ambedkarite Party of India,1423,Chhattisgarh - Mungeli
356,RAJKUMAR BANJARE,Gondvana Gantantra Party,1416,Chhattisgarh - Mungeli
357,SANTRAM GENDARE,Independent,1385,Chhattisgarh - Mungeli
358,TULSIDAS JANGDE,Independent,1261,Chhattisgarh - Mungeli
359,RAMKUMAR GANDHARV,Aam Aadmi Party,1044,Chhattisgarh - Mungeli
360,PRAMOD NARAYAN PATLE,Independent,782,Chhattisgarh - Mungeli
361,None of the Above,None of the Above,3150,Chhattisgarh - Mungeli
362,RASHMI ASHISH SINGH,Indian National Congress,52616,Chhattisgarh - Takhatpur
363,SANTOSH KAUSHIK (GURUJI),Janta Congress Chhattisgarh (J),49625,Chhattisgarh - Takhatpur
364,HARSHITA PANDEY,Bharatiya Janata Party,45622,Chhattisgarh - Takhatpur
365,BALRAM SAHU,Independent,1861,Chhattisgarh - Takhatpur
366,ANIL BAGHEL,Aam Aadmi Party,1564,Chhattisgarh - Takhatpur
367,PRATEEK PANDEY,Independent,1422,Chhattisgarh - Takhatpur
368,SIDDHRAM LAHARE,Rashtriya Jansabha Party,1330,Chhattisgarh - Takhatpur
369,HORILAL MAHRA,Shiv Sena,941,Chhattisgarh - Takhatpur
370,BHAGIRATHI KURRE,Independent,795,Chhattisgarh - Takhatpur
371,GEETA RAM SAHU,Bhartiya Shakti Chetna Party,750,Chhattisgarh - Takhatpur
372,JAGANNATH PRASAD DHURW,Rashtriya Gondvana Party,690,Chhattisgarh - Takhatpur
373,GIRISH PATLE,Ambedkarite Party of India,582,Chhattisgarh - Takhatpur
374,RAGHUVANSHMADI KHAIRWAR,Independent,470,Chhattisgarh - Takhatpur
375,DURPATI DEVI SURYAVANSHI,Independent,458,Chhattisgarh - Takhatpur
376,NIYANTA KURRE,Independent,456,Chhattisgarh - Takhatpur
377,SATISH SONWANI,Aap Sabki Apni Party,448,Chhattisgarh - Takhatpur
378,DEVANAND KAUSHIK,Independent,360,Chhattisgarh - Takhatpur
379,AJAY KUMAR JANGRE,Independent,334,Chhattisgarh - Takhatpur
380,SUSHANT KUMAR PATREY,Independent,309,Chhattisgarh - Takhatpur
381,RAMESH KUMAR VASTRAKAR,Independent,293,Chhattisgarh - Takhatpur
382,RAMCHANDRA KARDA,Independent,270,Chhattisgarh - Takhatpur
383,SURENDRA KUMAR LAHARE,Independent,222,Chhattisgarh - Takhatpur
384,SADHELAL SULTAN,Independent,161,Chhattisgarh - Takhatpur
385,SATISH KUMAR GHRITLAHARE,Independent,143,Chhattisgarh - Takhatpur
386,None of the Above,None of the Above,916,Chhattisgarh - Takhatpur
387,DHARAM LAL KAUSHIK,Bharatiya Janata Party,84431,Chhattisgarh - Bilha
388,RAJENDRA SHUKLA,Indian National Congress,57907,Chhattisgarh - Bilha
389,SIYARAM KAUSHIK,Janta Congress Chhattisgarh (J),29613,Chhattisgarh - Bilha
390,MANOJ THAKUR,Independent,4518,Chhattisgarh - Bilha
391,SARDAR JASBEER SINGH,Aam Aadmi Party,4428,Chhattisgarh - Bilha
392,DILIP KUMAR KOSHLE,Independent,2583,Chhattisgarh - Bilha
393,NIKHADRAM NISHAD,Nationalist Congress Party,1606,Chhattisgarh - Bilha
394,DEVPRASAD,Independent,1215,Chhattisgarh - Bilha
395,GANESHRAM JOSHI,Independent,1176,Chhattisgarh - Bilha
396,NAND KISHORE RAJ,Gondvana Gantantra Party,747,Chhattisgarh - Bilha
397,VIJAY SHANKAR PATRE,Ambedkarite Party of India,718,Chhattisgarh - Bilha
398,USMAN KHAN,Independent,684,Chhattisgarh - Bilha
399,CHANDRAKALA DHIDHI,Independent,637,Chhattisgarh - Bilha
400,DEVRAM SAHU,Bharat Bhoomi Party,620,Chhattisgarh - Bilha
401,PRAMOD KUMAR GADEWAL,Independent,616,Chhattisgarh - Bilha
402,SATVAN SINGH TANDON,Independent,586,Chhattisgarh - Bilha
403,SURESH PANDEY,Independent,321,Chhattisgarh - Bilha
404,RAMESH KUMAR LAHARE,Independent,313,Chhattisgarh - Bilha
405,NIRANJAN KUMAR SAHU,Independent,313,Chhattisgarh - Bilha
406,NARENDRA SHANDEY,Janata Congress,311,Chhattisgarh - Bilha
407,B.P. VISHWAKARMA,Independent,273,Chhattisgarh - Bilha
408,RAM CHARAN KENVAT,Aap Sabki Apni Party,247,Chhattisgarh - Bilha
409,RAJKUMAR NAVRANG,Rashtriya Jansabha Party,241,Chhattisgarh - Bilha
410,VINOD KUMAR SAHU,Independent,233,Chhattisgarh - Bilha
411,MANIRAM GHRITLAHRE,Bharatiya Sadbhawana Samaj Party,205,Chhattisgarh - Bilha
412,LAHARGANGA SONI,Independent,195,Chhattisgarh - Bilha
413,RAJKUMAR YADAV,Independent,159,Chhattisgarh - Bilha
414,LAXMAN DAS MANDLE,Independent,139,Chhattisgarh - Bilha
415,ROOPDAS KURREY,Independent,104,Chhattisgarh - Bilha
416,None of the Above,None of the Above,1224,Chhattisgarh - Bilha
417,SHAILESH PANDEY,Indian National Congress,67896,Chhattisgarh - Bilaspur
418,AMAR AGRAWAL,Bharatiya Janata Party,56675,Chhattisgarh - Bilaspur
419,BRIJESH SAHU,Janta Congress Chhattisgarh (J),3641,Chhattisgarh - Bilaspur
420,DR. SHAILESH AHUJA  ADVOCATE,Aam Aadmi Party,813,Chhattisgarh - Bilaspur
421,AVISHEK EKKA,Independent,609,Chhattisgarh - Bilaspur
422,OMPRAKASH SINGH,Independent,599,Chhattisgarh - Bilaspur
423,TOLARAM RELWANI,Independent,496,Chhattisgarh - Bilaspur
424,ARJUN SHRIWASH,Independent,346,Chhattisgarh - Bilaspur
425,AJAY KUMAR WAHNE,Akhil Bhartiya Sarvadharma Samaj Party,307,Chhattisgarh - Bilaspur
426,SHEKHAR BANJARE,Independent,195,Chhattisgarh - Bilaspur
427,RAJA KINNAR,Independent,145,Chhattisgarh - Bilaspur
428,SANTOSH KUMAR KAUSHAL,Shiv Sena,140,Chhattisgarh - Bilaspur
429,LAXMI KANT PANDEY,Independent,133,Chhattisgarh - Bilaspur
430,SUSHIL JAIDEO CHAVHAN,Ambedkarite Party of India,132,Chhattisgarh - Bilaspur
431,SHRIMATI RAJNI SETH,Aap Sabki Apni Party,116,Chhattisgarh - Bilaspur
432,HAJI ABDUL RAJJAQ KHAN,Independent,97,Chhattisgarh - Bilaspur
433,ABHISHEK KU. NISHAD,Bharat Bhoomi Party,91,Chhattisgarh - Bilaspur
434,DR. BALMUKUND SINGH MARAVI,Gondvana Gantantra Party,80,Chhattisgarh - Bilaspur
435,SHITLA PRASAD TRIPATHI,Independent,76,Chhattisgarh - Bilaspur
436,MO. SALIM KHAN,Bharatiya Sadbhawana Samaj Party,74,Chhattisgarh - Bilaspur
437,ANISH CHARAN,India Praja Bandhu Party,67,Chhattisgarh - Bilaspur
438,RADHESHYAM SHARMA,Independent,65,Chhattisgarh - Bilaspur
439,PAWAN KUMAR AWASTHI,Independent,63,Chhattisgarh - Bilaspur
440,ASHISH KUMAR SHRIVASTAV,Bhartiya Shakti Chetna Party,57,Chhattisgarh - Bilaspur
441,NILESH MASIH,Independent,53,Chhattisgarh - Bilaspur
442,NARAIN PATRE,Independent,51,Chhattisgarh - Bilaspur
443,BRIJESH SINGH KAUSHIK,Independent,44,Chhattisgarh - Bilaspur
444,NEERA DEVI SONWANI,Independent,37,Chhattisgarh - Bilaspur
445,None of the Above,None of the Above,1153,Chhattisgarh - Bilaspur
446,RAJNISH KUMAR SINGH,Bharatiya Janata Party,49601,Chhattisgarh - Beltara
447,RAJENDRA SAHU(DABBU),Indian National Congress,43342,Chhattisgarh - Beltara
448,ANIL TAH,Janta Congress Chhattisgarh (J),38308,Chhattisgarh - Beltara
449,SOHIT YADAV OR BUNTY,Independent,2576,Chhattisgarh - Beltara
450,SHITAL SONI,Aap Sabki Apni Party,1663,Chhattisgarh - Beltara
451,SANJAY SINGH(GURUJI),Independent,1458,Chhattisgarh - Beltara
452,ARVIND KUMAR PANDEY,Aam Aadmi Party,881,Chhattisgarh - Beltara
453,SURESH KUMAR KINLE,Nationalist Congress Party,797,Chhattisgarh - Beltara
454,AJAY SHARMA,Shiv Sena,680,Chhattisgarh - Beltara
455,PARAS RAM YADAW,Independent,518,Chhattisgarh - Beltara
456,KIRAN KUMAR SINGH,Gondvana Gantantra Party,452,Chhattisgarh - Beltara
457,RUPENDRA KUMAR SURYAWANSHI,Republican Party of India (A),411,Chhattisgarh - Beltara
458,NAVEEN KUMAR SAHU,Ambedkarite Party of India,387,Chhattisgarh - Beltara
459,RAMESH SAHU,Janata Dal  (United),363,Chhattisgarh - Beltara
460,NANDKUMAR KAMAL,India Praja Bandhu Party,186,Chhattisgarh - Beltara
461,None of the Above,None of the Above,2176,Chhattisgarh - Beltara
462,DR. KRISHNA MURTI BANDHI,Bharatiya Janata Party,67950,Chhattisgarh - Masturi
463,JAYENDRA SINGH PATLE,Bahujan Samaj Party,53843,Chhattisgarh - Masturi
464,DILIP LAHARIYA,Indian National Congress,53620,Chhattisgarh - Masturi
465,HIRA GANDHARW,Independent,1725,Chhattisgarh - Masturi
466,SANJAY TONDAN,Independent,1400,Chhattisgarh - Masturi
467,HEMANT RAY,Ambedkarite Party of India,1070,Chhattisgarh - Masturi
468,LAXMI PRASAD TANDAN,Aam Aadmi Party,1061,Chhattisgarh - Masturi
469,JAGESHWAR PRASAD KURRE,India Praja Bandhu Party,943,Chhattisgarh - Masturi
470,SAVITA GANDHARWA,Independent,839,Chhattisgarh - Masturi
471,DHANESH KUMAR,Shiv Sena,588,Chhattisgarh - Masturi
472,BARAN LAL KARIYARE,Republican Party of India (A),375,Chhattisgarh - Masturi
473,None of the Above,None of the Above,3437,Chhattisgarh - Masturi
474,SAURABH SINGH,Bharatiya Janata Party,60502,Chhattisgarh - Akaltara
475,RICHA JOGI,Bahujan Samaj Party,58648,Chhattisgarh - Akaltara
476,CHUNNILAL SAHU,Indian National Congress,27667,Chhattisgarh - Akaltara
477,BADRI PRASAD OGREY,Independent,971,Chhattisgarh - Akaltara
478,CHANDRAHAS DEWANGAN,Aam Aadmi Party,958,Chhattisgarh - Akaltara
479,PUSHPENDRA KUMAR JAISWAL,Nationalist Congress Party,746,Chhattisgarh - Akaltara
480,SHIV KUMAR VISHWKARMA,Independent,682,Chhattisgarh - Akaltara
481,RKS (RAM KUMAR SHRIWAS),Independent,552,Chhattisgarh - Akaltara
482,RAJESH KUMAR BANJARE,Ambedkarite Party of India,483,Chhattisgarh - Akaltara
483,JAGMOHAN PATLEY,Independent,481,Chhattisgarh - Akaltara
484,DILESHWAR SAHU,National Democratic Peoples Front,345,Chhattisgarh - Akaltara
485,SANJAY PRAKASH SAHU,Bhartiya Kisan Party,323,Chhattisgarh - Akaltara
486,AMIR SINGH,Independent,308,Chhattisgarh - Akaltara
487,JIWAN LAL YADAW,Samajwadi Party,301,Chhattisgarh - Akaltara
488,DILESHWAR VISHWAKARMA,Shiv Sena,287,Chhattisgarh - Akaltara
489,None of the Above,None of the Above,2242,Chhattisgarh - Akaltara
490,NARAYAN CHANDEL,Bharatiya Janata Party,54040,Chhattisgarh - Janjgir-champa
491,MOTILAL DEWANGAN,Indian National Congress,49852,Chhattisgarh - Janjgir-champa
492,BYAS NARAYAN KASHYAP,Bahujan Samaj Party,33505,Chhattisgarh - Janjgir-champa
493,SANJAY KUMAR SHARMA,Aam Aadmi Party,1538,Chhattisgarh - Janjgir-champa
494,SUDHIR YADAV,Communist Party of India,1422,Chhattisgarh - Janjgir-champa
495,RAMLALLA SATNAMI,Independent,1161,Chhattisgarh - Janjgir-champa
496,MAYARAM NAT,Independent,978,Chhattisgarh - Janjgir-champa
497,AAJAD MAHENDRA DEWANGAN,Independent,868,Chhattisgarh - Janjgir-champa
498,ASHOK CHOWDHARY,Nationalist Congress Party,755,Chhattisgarh - Janjgir-champa
499,BHOLARAM SATNAMI,Independent,372,Chhattisgarh - Janjgir-champa
500,INNAL BIND,Nirbal Indian Shoshit Hamara Aam Dal,311,Chhattisgarh - Janjgir-champa
501,AJAY KUMAR DEWANGAN,Independent,295,Chhattisgarh - Janjgir-champa
502,SANJAY PRAKASH SAO,Bhartiya Kisan Party,282,Chhattisgarh - Janjgir-champa
503,SANTOSH KUMAR KASHYAP (BUDENA WALE),National Democratic Peoples Front,281,Chhattisgarh - Janjgir-champa
504,SHIV BHANU SINGH KSHATRY,Janata Dal  (United),219,Chhattisgarh - Janjgir-champa
505,None of the Above,None of the Above,1240,Chhattisgarh - Janjgir-champa
506,CHARAN DAS MAHANT,Indian National Congress,78058,Chhattisgarh - Sakti
507,MEDHA RAM SAHU,Bharatiya Janata Party,48012,Chhattisgarh - Sakti
508,GAUTAM RATHORE,Bahujan Samaj Party,13907,Chhattisgarh - Sakti
509,KALESHWAR SINGH  MARAVI,Gondvana Gantantra Party,1202,Chhattisgarh - Sakti
510,SATYANARAYAN PATEL,Independent,1132,Chhattisgarh - Sakti
511,COMRADE ANIL SHARMA,Communist Party of India,1006,Chhattisgarh - Sakti
512,MEGHARAM SAHU,Nationalist Congress Party,920,Chhattisgarh - Sakti
513,SURAJ KUMAR YADAV,Independent,754,Chhattisgarh - Sakti
514,PRAKASH KUMAR URAON,Independent,555,Chhattisgarh - Sakti
515,VIJAY MAURYA,Aam Aadmi Party,485,Chhattisgarh - Sakti
516,NATWAR LAL GOND,Independent,457,Chhattisgarh - Sakti
517,SURYAKANT RATHORE,Shiv Sena,385,Chhattisgarh - Sakti
518,KHOMRAM  JANGDE,Independent,324,Chhattisgarh - Sakti
519,RAMNARAYAN RATHORE,Kisan Mazdoor Sangharsh Party,241,Chhattisgarh - Sakti
520,None of the Above,None of the Above,1057,Chhattisgarh - Sakti
521,RAM KUMAR YADAV,Indian National Congress,51717,Chhattisgarh - Chandrapur
522,GITANJALI PATEL,Bahujan Samaj Party,47299,Chhattisgarh - Chandrapur
523,BAHU RANI SANYOGITA SINGH JUDEV,Bharatiya Janata Party,39638,Chhattisgarh - Chandrapur
524,SUMAN NOVEL VERMA,Nationalist Congress Party,14429,Chhattisgarh - Chandrapur
525,RAJKUMAR YADAV,Independent,1779,Chhattisgarh - Chandrapur
526,MANHARAN LAL KAMLESH,Independent,690,Chhattisgarh - Chandrapur
527,ABHINAV SHUKLA,Shiv Sena,611,Chhattisgarh - Chandrapur
528,BHANU PRAKASH CHANDRA,Aam Aadmi Party,588,Chhattisgarh - Chandrapur
529,PAITRAM KHUNTE,Independent,575,Chhattisgarh - Chandrapur
530,RAMKUMAR YADAV,Independent,547,Chhattisgarh - Chandrapur
531,NAVEL KUMAR PANKAJ,Independent,507,Chhattisgarh - Chandrapur
532,SUNDAR LAL CHOUHAN,Independent,504,Chhattisgarh - Chandrapur
533,SATAYANAND SIDAR,Ambedkarite Party of India,485,Chhattisgarh - Chandrapur
534,BALWANT SINGH,Gondvana Gantantra Party,426,Chhattisgarh - Chandrapur
535,DADULAL TANDAN,Independent,395,Chhattisgarh - Chandrapur
536,UMA KANT SAHU,Bhartiya Shakti Chetna Party,387,Chhattisgarh - Chandrapur
537,SITA SARTHI,Bharat Bhoomi Party,357,Chhattisgarh - Chandrapur
538,GEETANJALI PATEL,Independent,346,Chhattisgarh - Chandrapur
539,None of the Above,None of the Above,550,Chhattisgarh - Chandrapur
540,KESHAV PRASAD CHANDRA,Bahujan Samaj Party,64774,Chhattisgarh - Jaijaipur
541,KAILASH SAHU,Bharatiya Janata Party,43087,Chhattisgarh - Jaijaipur
542,ANIL KUMAR CHANDRA,Indian National Congress,38594,Chhattisgarh - Jaijaipur
543,NARSINGH SINHA,Independent,1286,Chhattisgarh - Jaijaipur
544,SAHEB LAL CHANDRA,Independent,1156,Chhattisgarh - Jaijaipur
545,RESHAMLAL KHUNTE,Independent,1134,Chhattisgarh - Jaijaipur
546,SANTOSH KUMAR JATWAR,Ambedkarite Party of India,1036,Chhattisgarh - Jaijaipur
547,MARTAND SINGH BANAFAR,Aam Aadmi Party,1026,Chhattisgarh - Jaijaipur
548,RAM SAY KASHYAP,Independent,964,Chhattisgarh - Jaijaipur
549,PITAMBER DEEWAR,Shiv Sena,773,Chhattisgarh - Jaijaipur
550,RAJ KUMAR CHANDRA,Independent,435,Chhattisgarh - Jaijaipur
551,SHANTI KUMAR RATRE (WAKIL),Gondvana Gantantra Party,333,Chhattisgarh - Jaijaipur
552,None of the Above,None of the Above,1527,Chhattisgarh - Jaijaipur
553,INDU BANJARE,Bahujan Samaj Party,50129,Chhattisgarh - Pamgarh
554,GORELAL BARMAN,Indian National Congress,47068,Chhattisgarh - Pamgarh
555,AMBESH JANGRE,Bharatiya Janata Party,32676,Chhattisgarh - Pamgarh
556,SANTRAM TURKE,Independent,1048,Chhattisgarh - Pamgarh
557,KAMLESH KUMARI,Shiv Sena,975,Chhattisgarh - Pamgarh
558,SHIV SHANKAR RAHI,Independent,863,Chhattisgarh - Pamgarh
559,SANTOSH KUMAR KHUTEY,Ambedkarite Party of India,743,Chhattisgarh - Pamgarh
560,MAHABIR JANGRE,Independent,610,Chhattisgarh - Pamgarh
561,MUKESH KUMAR LAHARE,Samajwadi Party,574,Chhattisgarh - Pamgarh
562,CHAITRAM DEV KHATKAR,Aam Aadmi Party,515,Chhattisgarh - Pamgarh
563,NITA SAYTONDAY,Chhattisgarh Swabhiman Manch,459,Chhattisgarh - Pamgarh
564,NAND KUMAR CHAUHAN,Janata Dal  (United),378,Chhattisgarh - Pamgarh
565,DUJE URF DUJRAM KURRE,National Democratic Peoples Front,253,Chhattisgarh - Pamgarh
566,BAHORIK MADHUKAR,India Praja Bandhu Party,243,Chhattisgarh - Pamgarh
567,None of the Above,None of the Above,1470,Chhattisgarh - Pamgarh
568,KISMAT LAL NAND,Indian National Congress,100302,Chhattisgarh - Saraipali
569,SHYAM TANDI,Bharatiya Janata Party,48014,Chhattisgarh - Saraipali
570,CHHABILAL RATRE,Bahujan Samaj Party,1849,Chhattisgarh - Saraipali
571,RAMPRASAD CHAUHAN,Bharatiya Prajatantrik Shudh Gandhiwadi Krishak Dal,1093,Chhattisgarh - Saraipali
572,PRABHAKAR GWAL,Aam Aadmi Party,1064,Chhattisgarh - Saraipali
573,PADMACHARAN NAG,Shiv Sena,926,Chhattisgarh - Saraipali
574,SETRAM BHASKAR,Independent,924,Chhattisgarh - Saraipali
575,MAHENDRA GOVIND RAM KHATKAR,Ambedkarite Party of India,906,Chhattisgarh - Saraipali
576,None of the Above,None of the Above,3270,Chhattisgarh - Saraipali
577,DEVENDRA BAHADUR SINGH,Indian National Congress,67535,Chhattisgarh - Basna
578,SAMPAT AGRAWAL,Independent,50027,Chhattisgarh - Basna
579,DURGACHARAN(D.C.) PATEL,Bharatiya Janata Party,36394,Chhattisgarh - Basna
580,TRILOCHAN NAYAK LUNGIWALA,Janta Congress Chhattisgarh (J),7758,Chhattisgarh - Basna
581,DR. ANAMIKA PAUL,Independent,2475,Chhattisgarh - Basna
582,MAHENDRA SAO,Independent,2123,Chhattisgarh - Basna
583,KALESHWAR YADAV,National Democratic Peoples Front,1753,Chhattisgarh - Basna
584,ASHOK PRADHAN,Shiv Sena,1007,Chhattisgarh - Basna
585,JAGDISH SIDAR,Independent,923,Chhattisgarh - Basna
586,PRAHALLAD BARIHA,Independent,833,Chhattisgarh - Basna
587,SANKALP DASS,Aam Aadmi Party,493,Chhattisgarh - Basna
588,GAURISHANKAR PATEL,Independent,492,Chhattisgarh - Basna
589,KEDARNATH PATEL,Independent,406,Chhattisgarh - Basna
590,SADANAND SAHU,Bhartiya Shakti Chetna Party,405,Chhattisgarh - Basna
591,YAGENDRA BHOI,Samajwadi Party,350,Chhattisgarh - Basna
592,None of the Above,None of the Above,2431,Chhattisgarh - Basna
593,DWARIKADHISH YADAV,Indian National Congress,96108,Chhattisgarh - Khallari
594,MONIKA DILIP SAHU,Bharatiya Janata Party,39130,Chhattisgarh - Khallari
595,PARESH BAGBAHARA,Janta Congress Chhattisgarh (J),12649,Chhattisgarh - Khallari
596,BHEKHLAL SAHU URF BHEKHU,Independent,5228,Chhattisgarh - Khallari
597,BASANTA THAKUR,Nationalist Congress Party,2972,Chhattisgarh - Khallari
598,MOHINI RAJENDRA PANDE,Independent,1376,Chhattisgarh - Khallari
599,BHUKHAN LAL SAHU,Independent,1219,Chhattisgarh - Khallari
600,BHUWANLAL SAHU,Independent,935,Chhattisgarh - Khallari
601,CHAMPALAL PATEL,Independent,829,Chhattisgarh - Khallari
602,SANTOSH CHANDRAKAR,Aam Aadmi Party,764,Chhattisgarh - Khallari
603,NAND KUMAR NISHAD,Pichhara Samaj Party United,683,Chhattisgarh - Khallari
604,LOKESWAR CHANDRAKAR (LOKU),Shiv Sena,665,Chhattisgarh - Khallari
605,KUMAR GOND,Gondvana Gantantra Party,577,Chhattisgarh - Khallari
606,DAYARAM,Independent,529,Chhattisgarh - Khallari
607,JAGESHWAR (JUGNU) CHANDRAKAR,Independent,421,Chhattisgarh - Khallari
608,TEJSINGH,Independent,343,Chhattisgarh - Khallari
609,ROSHAN TANDE,Independent,332,Chhattisgarh - Khallari
610,GOVARDHAN NISHAD,Rashtriya Jansabha Party,269,Chhattisgarh - Khallari
611,RAMAWATAR DHRUW,Independent,168,Chhattisgarh - Khallari
612,MO. SARFARAJ,Independent,103,Chhattisgarh - Khallari
613,None of the Above,None of the Above,499,Chhattisgarh - Khallari
614,VINOD SEVAN LAL CHANDRAKAR,Indian National Congress,49356,Chhattisgarh - Mahasamund
615,POONAM CHANDRAKAR,Bharatiya Janata Party,26290,Chhattisgarh - Mahasamund
616,TRIBHUWAN MAHILANG,Janta Congress Chhattisgarh (J),24839,Chhattisgarh - Mahasamund
617,MANOJ KANT SAHU,Independent,21911,Chhattisgarh - Mahasamund
618,DR VIMAL CHOPRA,Independent,21160,Chhattisgarh - Mahasamund
619,T.K. DADSENA,Independent,1552,Chhattisgarh - Mahasamund
620,PANKAJ SAHU,Independent,1445,Chhattisgarh - Mahasamund
621,PUJA DHRUW,Independent,1270,Chhattisgarh - Mahasamund
622,ASHOK SONI,Ambedkarite Party of India,1000,Chhattisgarh - Mahasamund
623,SANJAY YADAV,Aam Aadmi Party,764,Chhattisgarh - Mahasamund
624,GANGU RAM THAKUR,Independent,734,Chhattisgarh - Mahasamund
625,DEJIRANI NETAM,Gondvana Gantantra Party,710,Chhattisgarh - Mahasamund
626,PARASRAM DHRUW LAHANGAR WALE,Chhattisgarhi Samaj Party,642,Chhattisgarh - Mahasamund
627,KAUSHAL DEWANGAN,Independent,560,Chhattisgarh - Mahasamund
628,KRISHNA KUMAR CHANDRAKAR,Rashtriya Jansabha Party,361,Chhattisgarh - Mahasamund
629,None of the Above,None of the Above,2085,Chhattisgarh - Mahasamund
630,CHANDRADEV PRASAD RAI,Indian National Congress,71936,Chhattisgarh - Bilaigarh
631,SHYAM KUMAR TANDAN,Bahujan Samaj Party,62089,Chhattisgarh - Bilaigarh
632,DR. SANAM JANGDE,Bharatiya Janata Party,40623,Chhattisgarh - Bilaigarh
633,BHOJ RAM AJAGALE,Independent,10595,Chhattisgarh - Bilaigarh
634,HARI RAM KURREY,Independent,2580,Chhattisgarh - Bilaigarh
635,SANJAY KUMAR,Independent,1822,Chhattisgarh - Bilaigarh
636,SANTOSH KUMAR SONWANI,Janata Congress,1083,Chhattisgarh - Bilaigarh
637,ER. REVALAL SATNAMI,Independent,858,Chhattisgarh - Bilaigarh
638,KOMAL PRASAD,Gondvana Gantantra Party,839,Chhattisgarh - Bilaigarh
639,FULMANI TANDAN,Janta Congress Chhattisgarh (J),803,Chhattisgarh - Bilaigarh
640,NAND KISHOR DEEP,Independent,654,Chhattisgarh - Bilaigarh
641,TAKESH ALIAS TAKESHWAR,Independent,630,Chhattisgarh - Bilaigarh
642,JAGANNATH MAHILANG,Aam Aadmi Party,568,Chhattisgarh - Bilaigarh
643,NARESH KUMARI AJAY,Shiv Sena,456,Chhattisgarh - Bilaigarh
644,NITESH KUMAR RATRE,Sunder Samaj Party,444,Chhattisgarh - Bilaigarh
645,None of the Above,None of the Above,2789,Chhattisgarh - Bilaigarh
646,SHAKUNTALA SAHU,Indian National Congress,121422,Chhattisgarh - Kasdol
647,GAURISHANKAR AGRAWAL,Bharatiya Janata Party,73004,Chhattisgarh - Kasdol
648,PARMESHWAR YADU,Janta Congress Chhattisgarh (J),18170,Chhattisgarh - Kasdol
649,RAMESHWAR PRASAD KAIWART,Bahujan Samaj Party,9558,Chhattisgarh - Kasdol
650,JAGJEEWAN KUMAR NARANGE,Independent,3917,Chhattisgarh - Kasdol
651,KRISHNA KANT PANDEY,Independent,2128,Chhattisgarh - Kasdol
652,CHHABI LAL KANWAR,Bhartiya Shakti Chetna Party,1917,Chhattisgarh - Kasdol
653,DASRU RAM PAIKARA,Independent,1560,Chhattisgarh - Kasdol
654,TARACHAND KASHYAP,Independent,1485,Chhattisgarh - Kasdol
655,CHARAN DAS,Independent,1370,Chhattisgarh - Kasdol
656,DHARMU PRABHUWA,Independent,1288,Chhattisgarh - Kasdol
657,ASHOK SAHU,Independent,1098,Chhattisgarh - Kasdol
658,SHAKUNTALA SAHU,Nationalist Congress Party,1009,Chhattisgarh - Kasdol
659,GYANPRAKASH,Independent,789,Chhattisgarh - Kasdol
660,SANJAY BANJARE,Janata Congress,741,Chhattisgarh - Kasdol
661,PROFESSOR DR. SHANTI KUMAR KAIWARTYA,Independent,735,Chhattisgarh - Kasdol
662,GOVIND SAHU,Independent,734,Chhattisgarh - Kasdol
663,MANHARAN SAHU,Shiv Sena,577,Chhattisgarh - Kasdol
664,RADHE LAL CHANDRAKAR,Chhattisgarh Swabhiman Manch,519,Chhattisgarh - Kasdol
665,DR. SAHDEV DANDEKAR,Janata Dal  (United),484,Chhattisgarh - Kasdol
666,SHYAMA CHARAN SAHU,Aam Aadmi Party,453,Chhattisgarh - Kasdol
667,SHANKAR LAL TANDAN,Independent,423,Chhattisgarh - Kasdol
668,NILKANTH VERMA,Independent,406,Chhattisgarh - Kasdol
669,SANTOSH KUMAR MARKANDEY,Independent,387,Chhattisgarh - Kasdol
670,PURAN LAL KATHOTRE,Independent,324,Chhattisgarh - Kasdol
671,RAHUL KAIWARTYA,Independent,307,Chhattisgarh - Kasdol
672,DURGESHWAR PRASAD SAHU,Independent,297,Chhattisgarh - Kasdol
673,PRABHAT KUMAR YADAV,Independent,244,Chhattisgarh - Kasdol
674,PRANNATH SAHU,Independent,181,Chhattisgarh - Kasdol
675,None of the Above,None of the Above,1588,Chhattisgarh - Kasdol
676,PRAMOD KUMAR SHARMA,Janta Congress Chhattisgarh (J),65251,Chhattisgarh - Balodabazar
677,JANAK RAM VERMA,Indian National Congress,63122,Chhattisgarh - Balodabazar
678,TESU LAL DHURANDHAR,Bharatiya Janata Party,48808,Chhattisgarh - Balodabazar
679,GANESH KUMAR AGRAWAL,Independent,3093,Chhattisgarh - Balodabazar
680,GANGA RAM SHER,Independent,3079,Chhattisgarh - Balodabazar
681,SANTOSH KUMAR YADU,Shiv Sena,1634,Chhattisgarh - Balodabazar
682,MUKESH SAHU,Independent,1530,Chhattisgarh - Balodabazar
683,KISHAN LAL,Independent,1035,Chhattisgarh - Balodabazar
684,MANAHARAN LAL VERMA,Aam Aadmi Party,979,Chhattisgarh - Balodabazar
685,ANIL KUMAR YADAV,Ambedkarite Party of India,903,Chhattisgarh - Balodabazar
686,SMT. TIKESHWARI DHRUW,Independent,824,Chhattisgarh - Balodabazar
687,GAUKARAN NISHAD,Bhrashtachar Mukti Morcha,690,Chhattisgarh - Balodabazar
688,MAHENDRA KUMAR SAHU,Chhattisgarh Swabhiman Manch,688,Chhattisgarh - Balodabazar
689,ASHWANI VERMA,Independent,521,Chhattisgarh - Balodabazar
690,ROHIT PATIL,Rashtriya Jansabha Party,368,Chhattisgarh - Balodabazar
691,None of the Above,None of the Above,3167,Chhattisgarh - Balodabazar
692,SHIVRATAN SHARMA,Bharatiya Janata Party,63399,Chhattisgarh - Bhatapara
693,SUNIL MAHESHWARI,Indian National Congress,51490,Chhattisgarh - Bhatapara
694,CHAITRAM SAHU,Janta Congress Chhattisgarh (J),45907,Chhattisgarh - Bhatapara
695,MURARI MISHRA,Nationalist Congress Party,2269,Chhattisgarh - Bhatapara
696,MOHAN GAYAKWAD,Independent,1963,Chhattisgarh - Bhatapara
697,NARAYAN SAHU,Independent,1701,Chhattisgarh - Bhatapara
698,AMAR DAS MATRE,Independent,1463,Chhattisgarh - Bhatapara
699,RESHAMLAL JOGI,Independent,1153,Chhattisgarh - Bhatapara
700,KATYANI VERMA,Aam Aadmi Party,1140,Chhattisgarh - Bhatapara
701,RADHECHARAN DHRUW,Gondvana Gantantra Party,928,Chhattisgarh - Bhatapara
702,BHEEKHAM YADU,Shiv Sena,837,Chhattisgarh - Bhatapara
703,SANTOSH KUMAR KOSHLE,Independent,714,Chhattisgarh - Bhatapara
704,GOPAL NUT,Asankhya Samaj Party,701,Chhattisgarh - Bhatapara
705,PRAVIN KUMAR SAHU,Chhattisgarh Swabhiman Manch,654,Chhattisgarh - Bhatapara
706,TORANDAS KOSLE,Independent,614,Chhattisgarh - Bhatapara
707,GIRJALAL TONDE,Independent,468,Chhattisgarh - Bhatapara
708,SATYANARAYAN SONWANI,Independent,370,Chhattisgarh - Bhatapara
709,PREMPRAKASH,Bharat Bhoomi Party,365,Chhattisgarh - Bhatapara
710,None of the Above,None of the Above,915,Chhattisgarh - Bhatapara
711,ANITA YOGENDRA SHARMA,Indian National Congress,78989,Chhattisgarh - Dharsiwa
712,DEVJI BHAI PATEL,Bharatiya Janata Party,59589,Chhattisgarh - Dharsiwa
713,PANNA LAL SAHU,Janta Congress Chhattisgarh (J),14968,Chhattisgarh - Dharsiwa
714,SANJU YADAV,Independent,3343,Chhattisgarh - Dharsiwa
715,SANGITA BAGHEL,Independent,2197,Chhattisgarh - Dharsiwa
716,DR. OM PRAKASH SAHU,Samajwadi Party,632,Chhattisgarh - Dharsiwa
717,TAMESHWAR SAHU,Independent,592,Chhattisgarh - Dharsiwa
718,PURAN LAL BAGHEL,Independent,521,Chhattisgarh - Dharsiwa
719,ANIL PURI GOSWAMI,Independent,390,Chhattisgarh - Dharsiwa
720,DHANESH KUMAR MAIRISHA,Ambedkarite Party of India,383,Chhattisgarh - Dharsiwa
721,SANTOSH DUBEY,Aam Aadmi Party,324,Chhattisgarh - Dharsiwa
722,RAJESH KUMAR BANJARE,Rashtriya Jansabha Party,293,Chhattisgarh - Dharsiwa
723,DASHRATH BIRJALE,Independent,280,Chhattisgarh - Dharsiwa
724,TIKARAM SAHU,Independent,265,Chhattisgarh - Dharsiwa
725,GULAB TANDON,Independent,236,Chhattisgarh - Dharsiwa
726,GUNISH KUMAR VERMA (LATE CHHEDULAL VERMA),Independent,127,Chhattisgarh - Dharsiwa
727,None of the Above,None of the Above,1361,Chhattisgarh - Dharsiwa
728,SATYANARAYAN SHARMA,Indian National Congress,78468,Chhattisgarh - Raipur City Gramin
729,NAND KUMAR SAHU (NANDE BHAIYA),Bharatiya Janata Party,68015,Chhattisgarh - Raipur City Gramin
730,DR. OMPRAKASH DEWANGAN,Janta Congress Chhattisgarh (J),17175,Chhattisgarh - Raipur City Gramin
731,PITAMBAR JANGDE,Independent,1483,Chhattisgarh - Raipur City Gramin
732,NARENDRA KUMAR BAGHEL,Independent,1106,Chhattisgarh - Raipur City Gramin
733,DR. SANKET THAKUR,Aam Aadmi Party,1096,Chhattisgarh - Raipur City Gramin
734,GAIND LAL DADSENA,Independent,940,Chhattisgarh - Raipur City Gramin
735,CHANDRAKANT BHAI SOLANKI,Independent,727,Chhattisgarh - Raipur City Gramin
736,SANDEEP YADU,Independent,546,Chhattisgarh - Raipur City Gramin
737,BALDEV PRAKASH DWIVEDI,Independent,473,Chhattisgarh - Raipur City Gramin
738,BUDHARU RAM BANJARE,Independent,370,Chhattisgarh - Raipur City Gramin
739,MOTIRAM VERMA,Independent,308,Chhattisgarh - Raipur City Gramin
740,BANMALI CHHURA,Bharatiya Bahujan Party,224,Chhattisgarh - Raipur City Gramin
741,FULRAJ VARMA,Bharatiya Bahujan Congress,194,Chhattisgarh - Raipur City Gramin
742,KRISHNA MURARI YADAV,Independent,170,Chhattisgarh - Raipur City Gramin
743,SATYANARAYAN,Independent,139,Chhattisgarh - Raipur City Gramin
744,LAKHAMOORAM TANDON,Rashtriya Jansabha Party,135,Chhattisgarh - Raipur City Gramin
745,RAJENDRA KUMAR SAHU,Independent,118,Chhattisgarh - Raipur City Gramin
746,MD. USMAN SHAKH,Independent,113,Chhattisgarh - Raipur City Gramin
747,MOHAMMAD AURANGJEB,Independent,102,Chhattisgarh - Raipur City Gramin
748,MANGALCHAND,Republican Party of India (A),81,Chhattisgarh - Raipur City Gramin
749,SMT. SHAMEEM KHAN,Bhartiya Lokmat Rashtrwadi Party,75,Chhattisgarh - Raipur City Gramin
750,None of the Above,None of the Above,955,Chhattisgarh - Raipur City Gramin
751,VIKAS UPADHYAY,Indian National Congress,76359,Chhattisgarh - Raipur City West
752,RAJESH MUNAT,Bharatiya Janata Party,64147,Chhattisgarh - Raipur City West
753,BHOJRAJ GAURKHEDE,Bahujan Samaj Party,2271,Chhattisgarh - Raipur City West
754,UTTAM JAYASVAL,Aam Aadmi Party,984,Chhattisgarh - Raipur City West
755,AJAY MISHRA,Independent,591,Chhattisgarh - Raipur City West
756,ARUN HARPAL,Bhartiya Kisan Party,480,Chhattisgarh - Raipur City West
757,ASHOK KUMAR BHAWSAGAR,Independent,419,Chhattisgarh - Raipur City West
758,BHARAT NAYAK,Independent,363,Chhattisgarh - Raipur City West
759,AWDHESH KUMAR UPADHYAY,Independent,357,Chhattisgarh - Raipur City West
760,KANTI YADAV,Independent,329,Chhattisgarh - Raipur City West
761,RAKESH LAHARI,Independent,251,Chhattisgarh - Raipur City West
762,USHA BAGHEL,Independent,205,Chhattisgarh - Raipur City West
763,RAGHUNANDAN SAHU,Independent,201,Chhattisgarh - Raipur City West
764,INDRA KUMAR CHANDRAKAR,Independent,196,Chhattisgarh - Raipur City West
765,ENGINEER AZMUL HASAN,Independent,154,Chhattisgarh - Raipur City West
766,RADHESHYAM YADAV,Independent,149,Chhattisgarh - Raipur City West
767,SMT. REKHA SAHU,Independent,147,Chhattisgarh - Raipur City West
768,RAM SAJEEVAN GUPTA,Independent,140,Chhattisgarh - Raipur City West
769,NAVIN GUPTA,Samajwadi Party,135,Chhattisgarh - Raipur City West
770,PRADEEP SINGH THAKUR,Shiv Sena,121,Chhattisgarh - Raipur City West
771,PREMDAS RAO,Ambedkarite Party of India,120,Chhattisgarh - Raipur City West
772,ENGINEER ASHOK TAMRAKAR,Chhattisgarhi Samaj Party,110,Chhattisgarh - Raipur City West
773,BHARAT SINGH RAJPUT,Independent,101,Chhattisgarh - Raipur City West
774,SHIVKUMAR SAHU ALIAS GOLU SAHU,Independent,97,Chhattisgarh - Raipur City West
775,DR. KHEMSINGH TELI,Independent,94,Chhattisgarh - Raipur City West
776,BILLAKURTY GAURAV,Bharat Bhoomi Party,93,Chhattisgarh - Raipur City West
777,HARINDER ARORA,Republican Party of India (A),86,Chhattisgarh - Raipur City West
778,TILOKA BAI SAHU,Independent,81,Chhattisgarh - Raipur City West
779,VISHNU RAM SAHU,Independent,78,Chhattisgarh - Raipur City West
780,PRITI SAGAR,Independent,76,Chhattisgarh - Raipur City West
781,DINDAYAL BANJARE,Independent,70,Chhattisgarh - Raipur City West
782,SUNIL YADAV,Chhattisgarh Sanyukt Jatiye Party,69,Chhattisgarh - Raipur City West
783,BAIKUNTH SONA,Independent,68,Chhattisgarh - Raipur City West
784,SHRI DIGAMBAR JANAKPURI,Independent,58,Chhattisgarh - Raipur City West
785,NOOR SHABA,Independent,54,Chhattisgarh - Raipur City West
786,GANGA BAI SAHU,Independent,46,Chhattisgarh - Raipur City West
787,TUKARAM SAHU,Independent,43,Chhattisgarh - Raipur City West
788,None of the Above,None of the Above,779,Chhattisgarh - Raipur City West
789,KULDEEP JUNEJA,Indian National Congress,59843,Chhattisgarh - Raipur City North
790,SHRI CHAND SUNDRANI,Bharatiya Janata Party,43502,Chhattisgarh - Raipur City North
791,AMAR GIDWANI,Janta Congress Chhattisgarh (J),2510,Chhattisgarh - Raipur City North
792,YOGENDRA SEN,Aam Aadmi Party,898,Chhattisgarh - Raipur City North
793,SHANKAR LAL VARANDANI,Independent,686,Chhattisgarh - Raipur City North
794,SHEKHAR TANDI,Independent,373,Chhattisgarh - Raipur City North
795,HARI BANDHU NAIK,Independent,323,Chhattisgarh - Raipur City North
796,NISHAR JAHAN,Independent,176,Chhattisgarh - Raipur City North
797,HAIDER BHATI,Independent,142,Chhattisgarh - Raipur City North
798,MO. MEHNDI HASAN BHATI,Independent,139,Chhattisgarh - Raipur City North
799,VIKAS MOTWANI,Shiv Sena,132,Chhattisgarh - Raipur City North
800,M. ZUBAIR KHAN,Ambedkarite Party of India,129,Chhattisgarh - Raipur City North
801,PRAKASH NARAYAN SHUKLA,Akhil Bharat Hindu Mahasabha,121,Chhattisgarh - Raipur City North
802,MD. DANISH QUADRI,Independent,78,Chhattisgarh - Raipur City North
803,IQBAL ALI,Independent,72,Chhattisgarh - Raipur City North
804,MO. JAVED BHATI,Independent,70,Chhattisgarh - Raipur City North
805,DR KAILASH ADIL,Independent,60,Chhattisgarh - Raipur City North
806,PRAVIN JAIN,Akhil Bhartiya Sarvadharma Samaj Party,56,Chhattisgarh - Raipur City North
807,None of the Above,None of the Above,705,Chhattisgarh - Raipur City North
808,BRIJMOHAN AGRAWAL,Bharatiya Janata Party,77589,Chhattisgarh - Raipur City South
809,KANHAIYA AGRAWAL,Indian National Congress,60093,Chhattisgarh - Raipur City South
810,UMESH DAS MANIKPURI,Bahujan Samaj Party,1514,Chhattisgarh - Raipur City South
811,MUNNA BISEN,Aam Aadmi Party,1363,Chhattisgarh - Raipur City South
812,MANISH THAKUR,Bhartiya Tribal Party,491,Chhattisgarh - Raipur City South
813,AATMADAS  MAHESHWARI,Rashtriya Jansabha Party,354,Chhattisgarh - Raipur City South
814,MUKESH KUMAR LOKHANDE,Ambedkarite Party of India,316,Chhattisgarh - Raipur City South
815,MANISH SHRIVASTAV,Independent,260,Chhattisgarh - Raipur City South
816,RESHAM LAL JANGDE,Shiv Sena,226,Chhattisgarh - Raipur City South
817,SANTOSH SAHU,Independent,221,Chhattisgarh - Raipur City South
818,NUSRAT  BEGUM,Independent,210,Chhattisgarh - Raipur City South
819,MANJU BAI YADAV,Independent,205,Chhattisgarh - Raipur City South
820,ABDUL RAZZAK,Independent,189,Chhattisgarh - Raipur City South
821,BISESHER BAGHMAR,Bhartiya Panchyat Party,185,Chhattisgarh - Raipur City South
822,NEERAJ SAINI (PUJARI),Akhil Bharat Hindu Mahasabha,166,Chhattisgarh - Raipur City South
823,ANIL KUMAR KADAM,Independent,166,Chhattisgarh - Raipur City South
824,HABIB KHAN,Independent,152,Chhattisgarh - Raipur City South
825,SMT. RUBEENA ANJUM,Independent,150,Chhattisgarh - Raipur City South
826,PAVAN SHUKLA,Independent,145,Chhattisgarh - Raipur City South
827,MAZHAR IQBAL,Rashtriya Gondvana Party,138,Chhattisgarh - Raipur City South
828,BHARATLAL SONI,Bharat Bhoomi Party,124,Chhattisgarh - Raipur City South
829,SHEKH RAHMUDOODIN,Independent,99,Chhattisgarh - Raipur City South
830,A. NAZIR,Independent,98,Chhattisgarh - Raipur City South
831,ILIYAS HUSSAIN,Bhartiya Sarvjan Hitay Samaj Party,86,Chhattisgarh - Raipur City South
832,JAGESHWER PRASAD TIWARI,Janata Dal  (United),80,Chhattisgarh - Raipur City South
833,SHEIKH ASIF KHAN,Independent,79,Chhattisgarh - Raipur City South
834,DR. GOJUPAUL,Republican Party of India (A),78,Chhattisgarh - Raipur City South
835,ABDUL SHEIKH NAIM,Independent,77,Chhattisgarh - Raipur City South
836,SUBHASH KURRE,Independent,76,Chhattisgarh - Raipur City South
837,PRAVIN JAIN,Akhil Bhartiya Sarvadharma Samaj Party,73,Chhattisgarh - Raipur City South
838,DHEERAJ TIWARI,Anjaan Aadmi Party,66,Chhattisgarh - Raipur City South
839,IMRAN BAKS,Independent,62,Chhattisgarh - Raipur City South
840,EMRAN ALI,Independent,62,Chhattisgarh - Raipur City South
841,MO. AJAZ AHMED,Independent,58,Chhattisgarh - Raipur City South
842,SHAYRA BANO,Independent,54,Chhattisgarh - Raipur City South
843,NAIM ANSARI,Independent,54,Chhattisgarh - Raipur City South
844,ASHA BARELE,Independent,48,Chhattisgarh - Raipur City South
845,SHANKAR LAL VARANDANI,Independent,44,Chhattisgarh - Raipur City South
846,AAMNA BEGAM,Independent,41,Chhattisgarh - Raipur City South
847,RUMANA HUSSAIN,Independent,39,Chhattisgarh - Raipur City South
848,SHARIQ  ALMAS,Independent,37,Chhattisgarh - Raipur City South
849,M. VAKIL SHDDHAQUI,Independent,35,Chhattisgarh - Raipur City South
850,SALIM KHAN,Independent,32,Chhattisgarh - Raipur City South
851,MO. AHMAD,Independent,30,Chhattisgarh - Raipur City South
852,SHAGUFTA AFROZ,Independent,27,Chhattisgarh - Raipur City South
853,SHABUDDIN,Independent,25,Chhattisgarh - Raipur City South
854,None of the Above,None of the Above,1521,Chhattisgarh - Raipur City South
855,DR. SHIVKUMAR DAHARIYA,Indian National Congress,69900,Chhattisgarh - Arang
856,SANJAY DHIDHI,Bharatiya Janata Party,44823,Chhattisgarh - Arang
857,SANJAY CHELAK,Janta Congress Chhattisgarh (J),27903,Chhattisgarh - Arang
858,SHARDA BANJARE,Independent,3042,Chhattisgarh - Arang
859,NARAYAN PRASAD TANDAN,Independent,1528,Chhattisgarh - Arang
860,DAGESHVAR BHARTI,Aam Aadmi Party,1423,Chhattisgarh - Arang
861,SANTOSH KUMAR DAHARIYA,Shiv Sena,1112,Chhattisgarh - Arang
862,SANJAY KUMAR KOSARIYA,Chhattisgarh Vikas  Party,1053,Chhattisgarh - Arang
863,NAROTTAM BANJARE,Independent,552,Chhattisgarh - Arang
864,ASHOK SONWANI,Independent,439,Chhattisgarh - Arang
865,GAJENDRA SINGH KOSHLEY,Independent,379,Chhattisgarh - Arang
866,DR. UDAY RATRE,Independent,361,Chhattisgarh - Arang
867,NEHA BAGHEL,Bharatiya Bahujan Congress,360,Chhattisgarh - Arang
868,TARJAN JANGADE,Independent,315,Chhattisgarh - Arang
869,RIJHENDRA KUMAR DAHARIYA,Rashtriya Jansabha Party,265,Chhattisgarh - Arang
870,ADVOCATE SHAILENDRA BANJARE(SHAKTI PUTRA ),Shakti Sena (Bharat Desh),202,Chhattisgarh - Arang
871,None of the Above,None of the Above,1321,Chhattisgarh - Arang
872,DHANENDRA SAHU,Indian National Congress,76761,Chhattisgarh - Abhanpur
873,CHANDRASHEKHAR SAHU - CHAMPU BHAIYYA,Bharatiya Janata Party,53290,Chhattisgarh - Abhanpur
874,DAYARAM NISHAD,Janta Congress Chhattisgarh (J),21324,Chhattisgarh - Abhanpur
875,BRAMHANAND SAHU,Independent,2249,Chhattisgarh - Abhanpur
876,SHWETA RAKESH SAHU,Independent,2040,Chhattisgarh - Abhanpur
877,TIKENDRA SINGH THAKUR,Nationalist Congress Party,1242,Chhattisgarh - Abhanpur
878,SHAKUNTALA MANDLE,Independent,962,Chhattisgarh - Abhanpur
879,SANJAY RAI,Aam Aadmi Party,695,Chhattisgarh - Abhanpur
880,SAVITRI PAL,Independent,582,Chhattisgarh - Abhanpur
881,BHUNESHWAR,Independent,479,Chhattisgarh - Abhanpur
882,TEKESHWAR CHATURVEDI,Independent,244,Chhattisgarh - Abhanpur
883,DEEPAK KUMAR NAVRANGE,Independent,182,Chhattisgarh - Abhanpur
884,None of the Above,None of the Above,3005,Chhattisgarh - Abhanpur
885,AMITESH SHUKLA,Indian National Congress,99041,Chhattisgarh - Rajim
886,SANTOSH UPADHYAY,Bharatiya Janata Party,40909,Chhattisgarh - Rajim
887,ROHIT SAHU,Janta Congress Chhattisgarh (J),23776,Chhattisgarh - Rajim
888,VISHWANATH SONWANI,Independent,1474,Chhattisgarh - Rajim
889,BHUSHAN SAHU,Bhartiya Shakti Chetna Party,1136,Chhattisgarh - Rajim
890,TEJRAM SAHU VIDROHI,Communist Party of India (Marxist-Leninist) Red Star,934,Chhattisgarh - Rajim
891,PARDESHI RAM DHRUW,Gondvana Gantantra Party,769,Chhattisgarh - Rajim
892,DEVRAJ THAKUR,Independent,662,Chhattisgarh - Rajim
893,RAJA THAKUR,Aam Aadmi Party,610,Chhattisgarh - Rajim
894,GANESH SONI URF BABA,Independent,574,Chhattisgarh - Rajim
895,GOPAL JETHI,Independent,420,Chhattisgarh - Rajim
896,FALENDRA KUMAR SAHU,Pichhara Samaj Party United,404,Chhattisgarh - Rajim
897,None of the Above,None of the Above,4844,Chhattisgarh - Rajim
898,DAMARUDHAR PUJARI,Bharatiya Janata Party,79619,Chhattisgarh - Bindranawagarh
899,SANJAY NETAM,Indian National Congress,69189,Chhattisgarh - Bindranawagarh
900,ONKAR SHAH,Gondvana Gantantra Party,19022,Chhattisgarh - Bindranawagarh
901,DEVENDRA THAKUR,Bahujan Samaj Party,2752,Chhattisgarh - Bindranawagarh
902,SIYARAM NAGESH,Aam Aadmi Party,2378,Chhattisgarh - Bindranawagarh
903,BHOJLAL NETAM,Communist Party of India (Marxist-Leninist) Red Star,2083,Chhattisgarh - Bindranawagarh
904,None of the Above,None of the Above,5515,Chhattisgarh - Bindranawagarh
905,DR. LAKSHMI DHRUW,Indian National Congress,88451,Chhattisgarh - Sihawa
906,PINKY SHIVRAJ SHAH,Bharatiya Janata Party,43015,Chhattisgarh - Sihawa
907,VINOD KUMAR NAGWANSHI,Gondvana Gantantra Party,8126,Chhattisgarh - Sihawa
908,MAKHAN LAL MARKAM,Independent,4729,Chhattisgarh - Sihawa
909,SHANTANU SOM,Janta Congress Chhattisgarh (J),2312,Chhattisgarh - Sihawa
910,AKBAR MANDAVI,Aam Aadmi Party,1544,Chhattisgarh - Sihawa
911,JAGANNATH DHRUW,Loktantrik Samajwadi Party,1399,Chhattisgarh - Sihawa
912,MADALSA DHRUV (RUKHMANI),Independent,1155,Chhattisgarh - Sihawa
913,BHAGIRAM MANDAVI,Independent,746,Chhattisgarh - Sihawa
914,JETHURAM DHRUV,Independent,541,Chhattisgarh - Sihawa
915,ISHWAR LAL KORRAM,Ambedkarite Party of India,371,Chhattisgarh - Sihawa
916,None of the Above,None of the Above,4306,Chhattisgarh - Sihawa
917,AJAY CHANDRAKAR,Bharatiya Janata Party,72922,Chhattisgarh - Kurud
918,NEELAM CHANDRAKAR,Independent,60605,Chhattisgarh - Kurud
919,LAXMIKANTA SAHU,Indian National Congress,26483,Chhattisgarh - Kurud
920,KANHAIYA LAL SAHU,Bahujan Samaj Party,2888,Chhattisgarh - Kurud
921,YUGESHWAR SAHU,Independent,1341,Chhattisgarh - Kurud
922,NEERA CHANDRAKAR,Independent,1253,Chhattisgarh - Kurud
923,TEJENDRA KUMAR TODEKAR,Aam Aadmi Party,1252,Chhattisgarh - Kurud
924,AJIT AGRAWAL,Independent,672,Chhattisgarh - Kurud
925,DINESH SAHU,Independent,609,Chhattisgarh - Kurud
926,CHANDRAHAS SAHU,Independent,353,Chhattisgarh - Kurud
927,RAGHUNANDAN SAHU,Janata Dal  (United),347,Chhattisgarh - Kurud
928,DOMAR SINGH,Independent,339,Chhattisgarh - Kurud
929,None of the Above,None of the Above,3470,Chhattisgarh - Kurud
930,RANJANA DIPENDRA  SAHU,Bharatiya Janata Party,63198,Chhattisgarh - Dhamtari
931,GURUMUKH SINGH HORA,Indian National Congress,62734,Chhattisgarh - Dhamtari
932,ANAND PAWAR,Independent,29163,Chhattisgarh - Dhamtari
933,DIGVIJAY SINGH KRIDUTT,Janta Congress Chhattisgarh (J),3299,Chhattisgarh - Dhamtari
934,RAJESHWARI DOMAN SAHU,Independent,2856,Chhattisgarh - Dhamtari
935,TIRATH RAJ FUTAN (GADDI),Independent,2061,Chhattisgarh - Dhamtari
936,SHATRUHAN SINGH SAHU,Aam Aadmi Party,1736,Chhattisgarh - Dhamtari
937,BHAGESH BAID,Independent,1585,Chhattisgarh - Dhamtari
938,RANJANA SAHU,Independent,1189,Chhattisgarh - Dhamtari
939,KEWAL SINGH NETAM,Gondvana Gantantra Party,812,Chhattisgarh - Dhamtari
940,GYANCHAND PARAKH (GYANU),Independent,655,Chhattisgarh - Dhamtari
941,AKASH DEWANGAN,Independent,566,Chhattisgarh - Dhamtari
942,BHARATLAL SATNAMI,Independent,537,Chhattisgarh - Dhamtari
943,DR. GEINDLAL SATNAMI,Independent,478,Chhattisgarh - Dhamtari
944,DR. NEPALSINGH SAHU,Independent,350,Chhattisgarh - Dhamtari
945,GOPAL JOSHI,Independent,269,Chhattisgarh - Dhamtari
946,JANMEJAI MAHILANGE,Rashtriya Jansabha Party,222,Chhattisgarh - Dhamtari
947,YOGENDRA KUMAR SAHU,Pichhara Samaj Party United,221,Chhattisgarh - Dhamtari
948,None of the Above,None of the Above,551,Chhattisgarh - Dhamtari
949,SANGEETA SINHA,Indian National Congress,90428,Chhattisgarh - Sanjari balod
950,PAWAN SAHU,Bharatiya Janata Party,62940,Chhattisgarh - Sanjari balod
951,ARJUN HIRWANI,Janta Congress Chhattisgarh (J),12664,Chhattisgarh - Sanjari balod
952,BHUPESH KUMAR SAHU,Independent,2401,Chhattisgarh - Sanjari balod
953,KAMINI DHURVE,Aam Aadmi Party,1770,Chhattisgarh - Sanjari balod
954,GHANSHYAM SINGH THAKUR,Independent,961,Chhattisgarh - Sanjari balod
955,ROHIT KUMAR NISHAD,Shiv Sena,614,Chhattisgarh - Sanjari balod
956,RENU YADAV,Samajwadi Party,500,Chhattisgarh - Sanjari balod
957,MANOJ KUMAR SORI,National Democratic Peoples Front,280,Chhattisgarh - Sanjari balod
958,None of the Above,None of the Above,2913,Chhattisgarh - Sanjari balod
959,ANILA BHENDIA,Indian National Congress,67448,Chhattisgarh - Dondi lohara
960,LAL MAHENDRA SINGH TEKAM,Bharatiya Janata Party,34345,Chhattisgarh - Dondi lohara
961,DEV LAL THAKUR,Independent,21360,Chhattisgarh - Dondi lohara
962,JANAK LAL THAKUR,Independent,19242,Chhattisgarh - Dondi lohara
963,RAJESH CHURENDRA,Janta Congress Chhattisgarh (J),13929,Chhattisgarh - Dondi lohara
964,HITESHWARI KOTHARI,Independent,1902,Chhattisgarh - Dondi lohara
965,MAHESH KUMAR KORETI,Ambedkarite Party of India,1279,Chhattisgarh - Dondi lohara
966,RAMESH KUMAR CHURENDRA,Swabhiman Party,1256,Chhattisgarh - Dondi lohara
967,YUGAL KISHOR RATRE,Aam Aadmi Party,1100,Chhattisgarh - Dondi lohara
968,None of the Above,None of the Above,4842,Chhattisgarh - Dondi lohara
969,KUNWER SINGH NISHAD,Indian National Congress,110369,Chhattisgarh - Gunderdehi
970,DEEPAK TARACHAND SAHU,Bharatiya Janata Party,54975,Chhattisgarh - Gunderdehi
971,RAJENDRA KUMAR RAI,Janta Congress Chhattisgarh (J),8648,Chhattisgarh - Gunderdehi
972,RAMAN KUMAR  SAHU,Independent,1835,Chhattisgarh - Gunderdehi
973,NAMRATA SONI,Aam Aadmi Party,1261,Chhattisgarh - Gunderdehi
974,CHANDRAHAS KALICHARAN SAHU,Bhartiya Panchyat Party,909,Chhattisgarh - Gunderdehi
975,DHANNULAL MARKANDE,Independent,671,Chhattisgarh - Gunderdehi
976,BUDHELAL KOSLE,Independent,655,Chhattisgarh - Gunderdehi
977,NEETA SAHU,Shiv Sena,582,Chhattisgarh - Gunderdehi
978,MITHILESH PISDA,Ambedkarite Party of India,513,Chhattisgarh - Gunderdehi
979,GAURAV KUMAR CHANDRAKAR,Independent,496,Chhattisgarh - Gunderdehi
980,TAMRAJDHWAJ SAHU,Chhattisgarh Swabhiman Manch,429,Chhattisgarh - Gunderdehi
981,LEDGU RAM,Rashtriya Jansabha Party,347,Chhattisgarh - Gunderdehi
982,None of the Above,None of the Above,5014,Chhattisgarh - Gunderdehi
983,BHUPESH BAGHEL,Indian National Congress,84352,Chhattisgarh - Patan
984,MOTILAL SAHU,Bharatiya Janata Party,56875,Chhattisgarh - Patan
985,SHAKUNTALA SAHU,Janta Congress Chhattisgarh (J),13201,Chhattisgarh - Patan
986,HAIDAR BHATEE,Independent,1450,Chhattisgarh - Patan
987,DINESH KUMAR KURRE,Ambedkarite Party of India,788,Chhattisgarh - Patan
988,RAM PRASAD KOSLE NETA JI,Rashtriya Jansabha Party,621,Chhattisgarh - Patan
989,DURGA JHA,Aam Aadmi Party,495,Chhattisgarh - Patan
990,TIKENDRA VERMA,Independent,492,Chhattisgarh - Patan
991,DR. HARISHCHANDRA SAHU,Independent,456,Chhattisgarh - Patan
992,None of the Above,None of the Above,3939,Chhattisgarh - Patan
993,TAMRADHWAJ SAHU,Indian National Congress,76208,Chhattisgarh - Durg Gramin
994,JAGESHWAR SAHU,Bharatiya Janata Party,49096,Chhattisgarh - Durg Gramin
995,DR. BALMUKUND DEWANGAN,Janta Congress Chhattisgarh (J),11485,Chhattisgarh - Durg Gramin
996,CHUMMAN LAL DESHMUKH,Independent,2819,Chhattisgarh - Durg Gramin
997,BALMUKUND DEWANGAN,Independent,2069,Chhattisgarh - Durg Gramin
998,BADRI PRASAD PARKAR,Chhattisgarh Swabhiman Manch,1336,Chhattisgarh - Durg Gramin
999,ISHWARI KURRE,Aam Aadmi Party,1286,Chhattisgarh - Durg Gramin
1000,SATISH PARAKH,Democratic Party of India,970,Chhattisgarh - Durg Gramin
1001,JAGESHWAR KUMAR SAHU,Independent,553,Chhattisgarh - Durg Gramin
1002,None of the Above,None of the Above,2603,Chhattisgarh - Durg Gramin
1003,ARUN VORA,Indian National Congress,64981,Chhattisgarh - Durg City
1004,CHANDRIKA CHANDRAKAR,Bharatiya Janata Party,43900,Chhattisgarh - Durg City
1005,PRATAP MADHYANI,Janta Congress Chhattisgarh (J),20634,Chhattisgarh - Durg City
1006,KANCHAN SHENDRE,Independent,1733,Chhattisgarh - Durg City
1007,DR. S. K. AGRAWAL,Aam Aadmi Party,1701,Chhattisgarh - Durg City
1008,SUBHASH KUMAR PAUL,India Praja Bandhu Party,554,Chhattisgarh - Durg City
1009,KAMLESH KUMAR NAGARCHI,Independent,553,Chhattisgarh - Durg City
1010,BRAMHA TIWARI,Independent,462,Chhattisgarh - Durg City
1011,ANOOP KUMAR PANDEY,Independent,398,Chhattisgarh - Durg City
1012,AATMA RAM SAHU,SOCIALIST UNITY CENTRE OF INDIA (COMMUNIST),375,Chhattisgarh - Durg City
1013,BALDEV SINGH SAHU,Chhattisgarh Swabhiman Manch,339,Chhattisgarh - Durg City
1014,RAS BIHARI BARI,Independent,319,Chhattisgarh - Durg City
1015,SUNIL KUMAR MARKANDEY,Ambedkarite Party of India,309,Chhattisgarh - Durg City
1016,ARUN KUMAR JOSHI,Independent,269,Chhattisgarh - Durg City
1017,TAMESHWAR TIWARI,Akhil Bharat Hindu Mahasabha,262,Chhattisgarh - Durg City
1018,BRAJESH KUMAR YADAV,Samajwadi Party,257,Chhattisgarh - Durg City
1019,SURYA NARAYAN SONWANI,Pichhara Samaj Party United,234,Chhattisgarh - Durg City
1020,MAHELKA BEGUM SHEKH,Independent,148,Chhattisgarh - Durg City
1021,SURESH KUMAR VERMA,Independent,128,Chhattisgarh - Durg City
1022,SUJATA SINGH,Bhartiya Panchyat Party,123,Chhattisgarh - Durg City
1023,ADVOCATE RAMRATAN SAHU,Independent,63,Chhattisgarh - Durg City
1024,None of the Above,None of the Above,1471,Chhattisgarh - Durg City
1025,DEVENDRA  YADAV,Indian National Congress,51044,Chhattisgarh - Bhilai Nagar
1026,PREM PRAKASH PANDEY,Bharatiya Janata Party,48195,Chhattisgarh - Bhilai Nagar
1027,DEENANATH JAISWAR,Bahujan Samaj Party,2662,Chhattisgarh - Bhilai Nagar
1028,SHATRUGHAN PRASAD,Independent,592,Chhattisgarh - Bhilai Nagar
1029,SURESH KUMAR ADIL,Independent,544,Chhattisgarh - Bhilai Nagar
1030,THANENDRA SAHU,Swabhiman Party,319,Chhattisgarh - Bhilai Nagar
1031,MO. RAZA SIDDIQUE,Aam Aadmi Party,276,Chhattisgarh - Bhilai Nagar
1032,AENUL HAQUE KHAN,Bhrashtachar Mukti Morcha,216,Chhattisgarh - Bhilai Nagar
1033,RAMPYARI BHARTI,Independent,208,Chhattisgarh - Bhilai Nagar
1034,BIJU JOHNSON,Chhattisgarh Swabhiman Manch,149,Chhattisgarh - Bhilai Nagar
1035,JAVED KHAN,Independent,123,Chhattisgarh - Bhilai Nagar
1036,ANWARUL HAQUE,Independent,91,Chhattisgarh - Bhilai Nagar
1037,JANISAR AKHTAR,Rashtriya Samajwadi Swabhiman Manch,72,Chhattisgarh - Bhilai Nagar
1038,MO. NASEEM,Bahujan Mukti Party,55,Chhattisgarh - Bhilai Nagar
1039,None of the Above,None of the Above,1147,Chhattisgarh - Bhilai Nagar
1040,VIDYA RATAN BHASIN,Bharatiya Janata Party,72920,Chhattisgarh - Vaishali Nagar
1041,BADRUDDIN QURESHI,Indian National Congress,54840,Chhattisgarh - Vaishali Nagar
1042,MANOJ KUMAR,Janta Congress Chhattisgarh (J),10696,Chhattisgarh - Vaishali Nagar
1043,HEMANT CHAUHAN,Independent,797,Chhattisgarh - Vaishali Nagar
1044,ANJULA BHARGAVA,Aam Aadmi Party,777,Chhattisgarh - Vaishali Nagar
1045,SHANKAR LAL SAHU,Bhrashtachar Mukti Morcha,568,Chhattisgarh - Vaishali Nagar
1046,LATA NUNHADE,Chhattisgarh Swabhiman Manch,472,Chhattisgarh - Vaishali Nagar
1047,ASHWINI KUMAR SHUKLA,Swabhiman Party,448,Chhattisgarh - Vaishali Nagar
1048,PANKAJ SIRSAT,Ambedkarite Party of India,414,Chhattisgarh - Vaishali Nagar
1049,SUBEDAR SINGH YADAV,Samajwadi Party,412,Chhattisgarh - Vaishali Nagar
1050,YAGESHWAR SAHU,Independent,381,Chhattisgarh - Vaishali Nagar
1051,RAJKISHOR GUPTA,Independent,379,Chhattisgarh - Vaishali Nagar
1052,NAZRUL KHAN,Independent,356,Chhattisgarh - Vaishali Nagar
1053,JANISAR AKHTAR,Independent,306,Chhattisgarh - Vaishali Nagar
1054,ALI HUSSAIN SIDDIQUI,Independent,185,Chhattisgarh - Vaishali Nagar
1055,None of the Above,None of the Above,2724,Chhattisgarh - Vaishali Nagar
1056,GURU RUDRA KUMAR,Indian National Congress,88735,Chhattisgarh - Ahiwara
1057,RAJMAHANT SANWLA RAM DAHRE,Bharatiya Janata Party,57048,Chhattisgarh - Ahiwara
1058,DR.SHOBHA RAM BANJARE,Bahujan Samaj Party,5844,Chhattisgarh - Ahiwara
1059,RAM KUMAR SURVANSHI,Independent,1513,Chhattisgarh - Ahiwara
1060,AJAY RAMTEKE,Aam Aadmi Party,1178,Chhattisgarh - Ahiwara
1061,RAMBAGAS BHARTI,Independent,705,Chhattisgarh - Ahiwara
1062,PADMA PATIL,SOCIALIST UNITY CENTRE OF INDIA (COMMUNIST),673,Chhattisgarh - Ahiwara
1063,MANOJ KUMAR LAHARE,Ambedkarite Party of India,638,Chhattisgarh - Ahiwara
1064,GAIND LAL RAI,Independent,595,Chhattisgarh - Ahiwara
1065,NANDKUMAR MAHILANG,Independent,507,Chhattisgarh - Ahiwara
1066,ADVOCATE SHAILENDRA KUMAR BANJARE (SHAKTI PUTRA),Shakti Sena (Bharat Desh),266,Chhattisgarh - Ahiwara
1067,None of the Above,None of the Above,3681,Chhattisgarh - Ahiwara
1068,RAVINDRA CHAUBE,Indian National Congress,95658,Chhattisgarh - Saja
1069,LABHCHAND BAFNA,Bharatiya Janata Party,64123,Chhattisgarh - Saja
1070,TEKSINGH CHANDEL,Janta Congress Chhattisgarh (J),6206,Chhattisgarh - Saja
1071,BASANT AGRAWAL,Independent,5700,Chhattisgarh - Saja
1072,LOCHAN SAHU,Independent,4274,Chhattisgarh - Saja
1073,ASHOK KUMAR SINGHANIYA,Aam Aadmi Party,637,Chhattisgarh - Saja
1074,RAKESH SINGH,Independent,602,Chhattisgarh - Saja
1075,KAUSHILYA NARANG,Independent,491,Chhattisgarh - Saja
1076,GULAB SINGH LODHI,Bhartiya Shakti Chetna Party,368,Chhattisgarh - Saja
1077,YESWANT BHARGOW,Independent,308,Chhattisgarh - Saja
1078,CHITREN LODHI,Shiv Sena,303,Chhattisgarh - Saja
1079,BHAGATRAM,Independent,262,Chhattisgarh - Saja
1080,ROHIT SINHA,Janata Dal  (United),204,Chhattisgarh - Saja
1081,KISHAN SAHU,Independent,199,Chhattisgarh - Saja
1082,ASHOK TANDULKER,Independent,146,Chhattisgarh - Saja
1083,None of the Above,None of the Above,5840,Chhattisgarh - Saja
1084,ASHISH KUMAR CHHABRA,Indian National Congress,74914,Chhattisgarh - Bemetara
1085,AWADHESH SINGH CHANDEL,Bharatiya Janata Party,49783,Chhattisgarh - Bemetara
1086,YOGESH TIWARI,Janta Congress Chhattisgarh (J),28332,Chhattisgarh - Bemetara
1087,SANJEEV AGRAWAL,Independent,4374,Chhattisgarh - Bemetara
1088,SOHAN LAL NISHAD,Nirbal Indian Shoshit Hamara Aam Dal,4275,Chhattisgarh - Bemetara
1089,CHURAMAN SINGH SAHU,Janata Dal  (United),1713,Chhattisgarh - Bemetara
1090,ANJOR DHAS MAHANT,Independent,1332,Chhattisgarh - Bemetara
1091,RAMCHAND SAHU,Independent,969,Chhattisgarh - Bemetara
1092,DAURAM CHOUHAN,Shiv Sena,638,Chhattisgarh - Bemetara
1093,SAIYAD FARUQUE ALI,Aam Aadmi Party,613,Chhattisgarh - Bemetara
1094,YASHWANT SITARAM SAHU,Bhartiya Shakti Chetna Party,526,Chhattisgarh - Bemetara
1095,RAJESH DUBEY,Independent,469,Chhattisgarh - Bemetara
1096,MANMOHAN THAKUR,Independent,375,Chhattisgarh - Bemetara
1097,BHUNESHWAR SATNAMI,Independent,362,Chhattisgarh - Bemetara
1098,BALDAU PRASAD SIWARE,Ambedkarite Party of India,343,Chhattisgarh - Bemetara
1099,None of the Above,None of the Above,3789,Chhattisgarh - Bemetara
1100,GURUDAYAL SINGH  BANJARE,Indian National Congress,86779,Chhattisgarh - Navagarh
1101,DAYALDAS BAGHEL,Bharatiya Janata Party,53579,Chhattisgarh - Navagarh
1102,OMPRAKASH BATCHPAYI,Bahujan Samaj Party,18576,Chhattisgarh - Navagarh
1103,HEMANT KUMAR MAHILANG,Independent,3501,Chhattisgarh - Navagarh
1104,HIRALAL ANANT,Independent,3389,Chhattisgarh - Navagarh
1105,BHAI HARIKISHAN,Independent,1484,Chhattisgarh - Navagarh
1106,ANJORDAS GHRITLAHARE,Aam Aadmi Party,1081,Chhattisgarh - Navagarh
1107,LAKHVIR SINGH,Independent,677,Chhattisgarh - Navagarh
1108,RAJU PATREY,Shiv Sena,593,Chhattisgarh - Navagarh
1109,RAMAKANT RAY,Independent,369,Chhattisgarh - Navagarh
1110,ANAND NAWAGARHIYA,Independent,325,Chhattisgarh - Navagarh
1111,BHASKAR GHOSH,Independent,313,Chhattisgarh - Navagarh
1112,TEK RAM KOSHLE,Independent,275,Chhattisgarh - Navagarh
1113,BHAGBALI SIWARE,Independent,264,Chhattisgarh - Navagarh
1114,BHARAT LAL PATALEY,Independent,255,Chhattisgarh - Navagarh
1115,None of the Above,None of the Above,2196,Chhattisgarh - Navagarh
1116,MAMTA CHANDRAKAR,Indian National Congress,100907,Chhattisgarh - Pandariya
1117,MOTIRAM CHANDRAVANSHI,Bharatiya Janata Party,64420,Chhattisgarh - Pandariya
1118,CHAITRAM RAJ,Bahujan Samaj Party,33547,Chhattisgarh - Pandariya
1119,HARENDRA KUMAR DAHIRE,Independent,2511,Chhattisgarh - Pandariya
1120,RAMKUMAR SINHA,Independent,2450,Chhattisgarh - Pandariya
1121,RESHAMLAL PATRE,Independent,2266,Chhattisgarh - Pandariya
1122,NARENDRA TIWARI,Shiv Sena,1558,Chhattisgarh - Pandariya
1123,GHANSHYAM YADAV,Independent,1381,Chhattisgarh - Pandariya
1124,NARAYAN SINGH BAUDDH,Independent,1341,Chhattisgarh - Pandariya
1125,CHANDRAPRATAP SAHU,Independent,800,Chhattisgarh - Pandariya
1126,DHARMENDRA KUMAR,Independent,657,Chhattisgarh - Pandariya
1127,"SANDEEP TIWARI ""RAJ""",Bhartiya Sarvjan Hitay Samaj Party,476,Chhattisgarh - Pandariya
1128,None of the Above,None of the Above,5234,Chhattisgarh - Pandariya
1129,AKBAR BHAI,Indian National Congress,136320,Chhattisgarh - Kawardha
1130,ASHOK SAHU,Bharatiya Janata Party,77036,Chhattisgarh - Kawardha
1131,RAMKHILAWAN DAHARIYA,Independent,6604,Chhattisgarh - Kawardha
1132,AGAM DAS ANANT,Janta Congress Chhattisgarh (J),6250,Chhattisgarh - Kawardha
1133,RAM KUMAR SAHU,Independent,2947,Chhattisgarh - Kawardha
1134,REKHACHAND BAGHEL,Independent,1990,Chhattisgarh - Kawardha
1135,MALESH KUMAR MARKAM,Gondvana Gantantra Party,1475,Chhattisgarh - Kawardha
1136,MOHIT SAHOO,Independent,1265,Chhattisgarh - Kawardha
1137,BHOJ KUMAR BANJARA,Independent,903,Chhattisgarh - Kawardha
1138,SIYADEVI PENDRO,Independent,701,Chhattisgarh - Kawardha
1139,AGHAN SINGH YADAV,Samajwadi Party,547,Chhattisgarh - Kawardha
1140,KAMLESH TIWARI DAMRUWALE,Independent,468,Chhattisgarh - Kawardha
1141,ASHOK SAHU,Chhattisgarh Swabhiman Manch,465,Chhattisgarh - Kawardha
1142,KRITI DEVI SINGH (YOGESHWR RAJ SINGH),Independent,459,Chhattisgarh - Kawardha
1143,GOPAL SINGH KHUSARO,Independent,438,Chhattisgarh - Kawardha
1144,KAUSHAL KUMAR MOHLE,Independent,402,Chhattisgarh - Kawardha
1145,AJAY PALI (BABA),Shiv Sena,381,Chhattisgarh - Kawardha
1146,AKBAR AJMER,Independent,342,Chhattisgarh - Kawardha
1147,SANTLAL DHURWEY,Independent,296,Chhattisgarh - Kawardha
1148,SUSHIL KUMAR SATYAVANSHI,Independent,268,Chhattisgarh - Kawardha
1149,SEWARAM PATRE,Independent,233,Chhattisgarh - Kawardha
1150,None of the Above,None of the Above,949,Chhattisgarh - Kawardha
1151,DEVWRAT SINGH,Janta Congress Chhattisgarh (J),61516,Chhattisgarh - Khairagarh
1152,KOMAL JANGHEL,Bharatiya Janata Party,60646,Chhattisgarh - Khairagarh
1153,GIRWAR JANGHEL,Indian National Congress,31811,Chhattisgarh - Khairagarh
1154,SARJU JANGHEL,Independent,4060,Chhattisgarh - Khairagarh
1155,DINESH SINGH,Shiv Sena,1775,Chhattisgarh - Khairagarh
1156,GYANENDRA KUMAR VERMA,Independent,1456,Chhattisgarh - Khairagarh
1157,YOGENDRA KUMAR THAKUR (MARKAM),Independent,1343,Chhattisgarh - Khairagarh
1158,MANOJ GUPTA,Aam Aadmi Party,1209,Chhattisgarh - Khairagarh
1159,SANTOSH DESHMUKH,Independent,1114,Chhattisgarh - Khairagarh
1160,MAHAVEER JANGHEL,Independent,599,Chhattisgarh - Khairagarh
1161,AAM AADMI MAHESH JANGHEL,Independent,528,Chhattisgarh - Khairagarh
1162,RAJESH VERMA,Ambedkarite Party of India,525,Chhattisgarh - Khairagarh
1163,AJAY SINGH,Independent,326,Chhattisgarh - Khairagarh
1164,TIJAU RAM JANGHEL,Independent,282,Chhattisgarh - Khairagarh
1165,BHUSHAN BANJARE,Independent,251,Chhattisgarh - Khairagarh
1166,None of the Above,None of the Above,3068,Chhattisgarh - Khairagarh
1167,BHUNESHWAR SHOBHARAM BAGHEL,Indian National Congress,86949,Chhattisgarh - Dongargarh
1168,SAROJANI BANJARE,Bharatiya Janata Party,51531,Chhattisgarh - Dongargarh
1169,TARUN KUMAR HATHEL,Independent,6699,Chhattisgarh - Dongargarh
1170,MISHRI LAL MARKANDE,Bahujan Samaj Party,5388,Chhattisgarh - Dongargarh
1171,DILIP KUMAR LAHARE,Gondvana Gantantra Party,1407,Chhattisgarh - Dongargarh
1172,YUVRAJ SIRMAUR,Independent,1312,Chhattisgarh - Dongargarh
1173,ANIL KUMAR UMARE,Ambedkarite Party of India,1033,Chhattisgarh - Dongargarh
1174,YEESHU CHANDEY,Aam Aadmi Party,887,Chhattisgarh - Dongargarh
1175,VIJENDRA BORKER,Independent,880,Chhattisgarh - Dongargarh
1176,MOHAN KOTLE,Independent,593,Chhattisgarh - Dongargarh
1177,None of the Above,None of the Above,3896,Chhattisgarh - Dongargarh
1178,DR. RAMAN SINGH,Bharatiya Janata Party,80589,Chhattisgarh - Rajnandgaon
1179,KARUNA SHUKLA,Indian National Congress,63656,Chhattisgarh - Rajnandgaon
1180,DEEPAK YADAV,Janta Congress Chhattisgarh (J),1858,Chhattisgarh - Rajnandgaon
1181,KAILASH SHRIVASTAVA,Independent,1782,Chhattisgarh - Rajnandgaon
1182,DR. UDAY RATRE,Independent,1093,Chhattisgarh - Rajnandgaon
1183,KRISHN KUMAR SINGH (PAPPU THAKUR),Independent,715,Chhattisgarh - Rajnandgaon
1184,AGYARAM CHOUHAN,Pichhara Samaj Party United,607,Chhattisgarh - Rajnandgaon
1185,SUKRIT DAS SAHU,Independent,463,Chhattisgarh - Rajnandgaon
1186,GURUSARAN SINGH,Independent,414,Chhattisgarh - Rajnandgaon
1187,VARUN TIWARI,Aam Aadmi Party,363,Chhattisgarh - Rajnandgaon
1188,ARVIND TIWARI,Independent,308,Chhattisgarh - Rajnandgaon
1189,LEKHU SANJAY SAHU CHHATTISGARIA,Chhattisgarh Swabhiman Manch,279,Chhattisgarh - Rajnandgaon
1190,YOUGALKISHOR SONTEKE,Ambedkarite Party of India,260,Chhattisgarh - Rajnandgaon
1191,AMOD WADEKAR,Independent,242,Chhattisgarh - Rajnandgaon
1192,PRATIMA SANTOSH WASNIK,Republican Paksha (Khoripa),202,Chhattisgarh - Rajnandgaon
1193,RITESH KUMAR MESHRAM,Independent,192,Chhattisgarh - Rajnandgaon
1194,PREMNARAYAN VERMA,Chhattisgarh Mukti Morcha,192,Chhattisgarh - Rajnandgaon
1195,JAIPRAKASH SIRVANI,Independent,178,Chhattisgarh - Rajnandgaon
1196,SHYAM RAO SUKHDEVE,Independent,166,Chhattisgarh - Rajnandgaon
1197,ANISH KHAN,Independent,145,Chhattisgarh - Rajnandgaon
1198,AKIL KHAN,Independent,124,Chhattisgarh - Rajnandgaon
1199,LEKHRAM BAGHEL,Independent,119,Chhattisgarh - Rajnandgaon
1200,SUNIL YADAV,Chhattisgarh Sanyukt Jatiye Party,114,Chhattisgarh - Rajnandgaon
1201,DINESH NAMDEO,Independent,74,Chhattisgarh - Rajnandgaon
1202,YUSUF BHAI CHHATTISGADIHA,Independent,51,Chhattisgarh - Rajnandgaon
1203,MOHAMMAD AKIL GORI,Independent,50,Chhattisgarh - Rajnandgaon
1204,RAJKUMAR,Independent,49,Chhattisgarh - Rajnandgaon
1205,PADAM CHAND LALWANY 'JAIN',Independent,47,Chhattisgarh - Rajnandgaon
1206,RAMCHARAN YADAW,Independent,45,Chhattisgarh - Rajnandgaon
1207,RAJMAHANT RAMDAYAL DAHARIYA,Independent,23,Chhattisgarh - Rajnandgaon
1208,None of the Above,None of the Above,1501,Chhattisgarh - Rajnandgaon
1209,DALESHWAR SAHU,Indian National Congress,84581,Chhattisgarh - Dongargaon
1210,MADHUSUDAN YADAV,Bharatiya Janata Party,65498,Chhattisgarh - Dongargaon
1211,VANI VILASH PATEL,Independent,1863,Chhattisgarh - Dongargaon
1212,REKHCHAND MANDLE,Independent,1782,Chhattisgarh - Dongargaon
1213,ASHOK VERMA,Bahujan Samaj Party,1482,Chhattisgarh - Dongargaon
1214,CHANDRMANI VERMA,Aam Aadmi Party,1474,Chhattisgarh - Dongargaon
1215,JITENDRA SAHU,Gondvana Gantantra Party,765,Chhattisgarh - Dongargaon
1216,MANMOHAN AGRAWAL,Independent,574,Chhattisgarh - Dongargaon
1217,SANDEEP TEMBURKAR,Ambedkarite Party of India,380,Chhattisgarh - Dongargaon
1218,BANSHI LAL SINHA,Independent,352,Chhattisgarh - Dongargaon
1219,TIJAU RAM VERMA,Independent,255,Chhattisgarh - Dongargaon
1220,RAJ KUMAR SAHU,Shiv Sena,251,Chhattisgarh - Dongargaon
1221,None of the Above,None of the Above,2257,Chhattisgarh - Dongargaon
1222,CHHANNI CHANDU SAHU,Indian National Congress,71733,Chhattisgarh - Khujji
1223,HIRENDRA KUMAR SAHU,Bharatiya Janata Party,44236,Chhattisgarh - Khujji
1224,JARNAIL SINGH BHATIYA,Janta Congress Chhattisgarh (J),14507,Chhattisgarh - Khujji
1225,MADAN LAL NETAM,Independent,6766,Chhattisgarh - Khujji
1226,RAMKRISHN YADU,Independent,3536,Chhattisgarh - Khujji
1227,DEVI LAL MARKAM,Independent,2699,Chhattisgarh - Khujji
1228,ARJUN SINGH THAKUR (KORRAM ),Ambedkarite Party of India,1031,Chhattisgarh - Khujji
1229,KAMAL DAS SAHU,Independent,910,Chhattisgarh - Khujji
1230,RAMESH YADAV,Aam Aadmi Party,839,Chhattisgarh - Khujji
1231,ANITA SINHA,Pichhara Samaj Party United,830,Chhattisgarh - Khujji
1232,DEV PARSHAD YADAV (RAJU),Shiv Sena,791,Chhattisgarh - Khujji
1233,TIJU RAM SAHU,Independent,771,Chhattisgarh - Khujji
1234,CHANDRA PRAKASH SINHA,Gondvana Gantantra Party,626,Chhattisgarh - Khujji
1235,KEDAR RAM YADAV,Independent,535,Chhattisgarh - Khujji
1236,SURENDRA SINGH,Janata Dal  (United),438,Chhattisgarh - Khujji
1237,AKIL BHAI,Independent,421,Chhattisgarh - Khujji
1238,None of the Above,None of the Above,1383,Chhattisgarh - Khujji
1239,INDRASHAH MANDAVI,Indian National Congress,50576,Chhattisgarh - Mohala-manpur
1240,KANCHAN MALA BHUARYA,Bharatiya Janata Party,29528,Chhattisgarh - Mohala-manpur
1241,SANJEET THAKUR,Janta Congress Chhattisgarh (J),28740,Chhattisgarh - Mohala-manpur
1242,SMT. KHAGESH THAKUR,Independent,3769,Chhattisgarh - Mohala-manpur
1243,RAJENDRA KUMAR USARE,Gondvana Gantantra Party,1851,Chhattisgarh - Mohala-manpur
1244,SIYARAM NUROTI,Ambedkarite Party of India,1461,Chhattisgarh - Mohala-manpur
1245,DHANESH KOLIYARE,Independent,1394,Chhattisgarh - Mohala-manpur
1246,PYARELAL KORATIA,Shiv Sena,1371,Chhattisgarh - Mohala-manpur
1247,ARJUN MANDAVI,Aam Aadmi Party,1269,Chhattisgarh - Mohala-manpur
1248,KANAK NAGVANSI,Independent,1153,Chhattisgarh - Mohala-manpur
1249,None of the Above,None of the Above,4238,Chhattisgarh - Mohala-manpur
1250,ANOOP NAG,Indian National Congress,57061,Chhattisgarh - Antagarh
1251,VIKRAM USENDI,Bharatiya Janata Party,43647,Chhattisgarh - Antagarh
1252,SUKHRANJAN USENDI URAF SILEDAR,Independent,4854,Chhattisgarh - Antagarh
1253,SANTRAM SARPHE (SALAM),Aam Aadmi Party,3981,Chhattisgarh - Antagarh
1254,HEMANT POYAM,Bahujan Samaj Party,1243,Chhattisgarh - Antagarh
1255,RUPDHAR PUDO,Ambedkarite Party of India,1085,Chhattisgarh - Antagarh
1256,LAXMAN SINGH KOMRA,Independent,922,Chhattisgarh - Antagarh
1257,NEHRU RAM KOMRA,Independent,683,Chhattisgarh - Antagarh
1258,SUNITA DHURVE MANDAL,Bhartiya Panchyat Party,663,Chhattisgarh - Antagarh
1259,PARVAR SINGH KOMRA,Gondvana Gantantra Party,607,Chhattisgarh - Antagarh
1260,BIRENDRA PARTE,Shiv Sena,484,Chhattisgarh - Antagarh
1261,None of the Above,None of the Above,4831,Chhattisgarh - Antagarh
1262,MANOJ SINGH MANDAVI,Indian National Congress,72520,Chhattisgarh - Bhanupratappur
1263,DEO LAL DUGGA,Bharatiya Janata Party,45827,Chhattisgarh - Bhanupratappur
1264,KOMAL HUPENDI,Aam Aadmi Party,9634,Chhattisgarh - Bhanupratappur
1265,MANAK DARPATTI,Janta Congress Chhattisgarh (J),9611,Chhattisgarh - Bhanupratappur
1266,SIYA RAM PARCHAPI,Gondvana Gantantra Party,2698,Chhattisgarh - Bhanupratappur
1267,SHYAM LAL GAWDE,Shiv Sena,1699,Chhattisgarh - Bhanupratappur
1268,DURGA PRASAD THAKUR,Ambedkarite Party of India,1565,Chhattisgarh - Bhanupratappur
1269,None of the Above,None of the Above,4235,Chhattisgarh - Bhanupratappur
1270,SHISHUPAL SHORI,Indian National Congress,69053,Chhattisgarh - Kanker
1271,HIRA MARKAM,Bharatiya Janata Party,49249,Chhattisgarh - Kanker
1272,HEMLAL MARKAM,Gondvana Gantantra Party,6206,Chhattisgarh - Kanker
1273,RAMSAHAY KORRAM,Bahujan Samaj Party,3014,Chhattisgarh - Kanker
1274,BISHAL DHRUW,Aam Aadmi Party,2016,Chhattisgarh - Kanker
1275,DEEPAK KUMAR USENDI,Independent,1882,Chhattisgarh - Kanker
1276,None of the Above,None of the Above,3323,Chhattisgarh - Kanker
1277,SANT RAM NETAM,Indian National Congress,73470,Chhattisgarh - Keshkal
1278,"HARISHANKAR NETAM	",Bharatiya Janata Party,56498,Chhattisgarh - Keshkal
1279,JUGALKISHOR BODH,Bahujan Samaj Party,4903,Chhattisgarh - Keshkal
1280,"KAMLESH KUMAR SALAM	",Aam Aadmi Party,2791,Chhattisgarh - Keshkal
1281,RADHIKA SODI,Communist Party of India,2180,Chhattisgarh - Keshkal
1282,SURESH KUMAR NETAM,Independent,2078,Chhattisgarh - Keshkal
1283,BINDESH RANA,Janata Dal  (United),2008,Chhattisgarh - Keshkal
1284,HIRAU RAM SHORI,Independent,1963,Chhattisgarh - Keshkal
1285,None of the Above,None of the Above,6113,Chhattisgarh - Keshkal
1286,MOHAN MARKAM,Indian National Congress,61582,Chhattisgarh - Kondagaon
1287,LATA USENDI,Bharatiya Janata Party,59786,Chhattisgarh - Kondagaon
1288,NARENDRA NETAM,Bahujan Samaj Party,4769,Chhattisgarh - Kondagaon
1289,RAMCHANDRA NAG,Communist Party of India,3883,Chhattisgarh - Kondagaon
1290,SUKHARAM NETAM,Independent,2906,Chhattisgarh - Kondagaon
1291,None of the Above,None of the Above,5146,Chhattisgarh - Kondagaon
1292,CHANDAN KASHYAP,Indian National Congress,58652,Chhattisgarh - Narayanpur
1293,KEDAR KASHYAP,Bharatiya Janata Party,56005,Chhattisgarh - Narayanpur
1294,NILAMBAR BAGHEL,Independent,2696,Chhattisgarh - Narayanpur
1295,NAREND KUMAR NAG,Aam Aadmi Party,2576,Chhattisgarh - Narayanpur
1296,BALIRAM KACHLAM,Janta Congress Chhattisgarh (J),2249,Chhattisgarh - Narayanpur
1297,RAMSHILA MANDAVI,India Praja Bandhu Party,1756,Chhattisgarh - Narayanpur
1298,PANEESH PRASAD NAG,Ambedkarite Party of India,1485,Chhattisgarh - Narayanpur
1299,None of the Above,None of the Above,6858,Chhattisgarh - Narayanpur
1300,BAGHEL LAKHESHWAR,Indian National Congress,74378,Chhattisgarh - Bastar
1301,DR. SUBHAU KASHYAP,Bharatiya Janata Party,40907,Chhattisgarh - Bastar
1302,SONSAY KASHYAP,Janta Congress Chhattisgarh (J),3688,Chhattisgarh - Bastar
1303,JAGMOHAN BAGHEL,Aam Aadmi Party,2121,Chhattisgarh - Bastar
1304,DULAB SURYAVANSHI,Independent,2034,Chhattisgarh - Bastar
1305,None of the Above,None of the Above,5083,Chhattisgarh - Bastar
1306,REKHCHAND JAIN,Indian National Congress,76556,Chhattisgarh - Jagdalpur
1307,SANTOSH BAFNA,Bharatiya Janata Party,49116,Chhattisgarh - Jagdalpur
1308,MANGALRAM KASHYAP,Communist Party of India,3020,Chhattisgarh - Jagdalpur
1309,AMIT PANDEY,Janta Congress Chhattisgarh (J),2801,Chhattisgarh - Jagdalpur
1310,NASEEM QURESHI,Independent,2306,Chhattisgarh - Jagdalpur
1311,PAPPURAM NAG,Independent,1382,Chhattisgarh - Jagdalpur
1312,SURENDRA CHALKI,India Praja Bandhu Party,1233,Chhattisgarh - Jagdalpur
1313,KARIYA DIWAN,Shiv Sena,1081,Chhattisgarh - Jagdalpur
1314,JAGATRAM NAG,Independent,1075,Chhattisgarh - Jagdalpur
1315,ROHIT SINGH ARYA,Aam Aadmi Party,861,Chhattisgarh - Jagdalpur
1316,SAROJ YADAV,Rashtriya Jansambhavna Party,717,Chhattisgarh - Jagdalpur
1317,PALANRAM SAHU,Independent,488,Chhattisgarh - Jagdalpur
1318,SHYAM GHOSH,Bhartiya Panchyat Party,475,Chhattisgarh - Jagdalpur
1319,MUNNARAM BAGHEL,Independent,410,Chhattisgarh - Jagdalpur
1320,SHIVCHARAN,Akhil Bharat Samagra Kranti Party,389,Chhattisgarh - Jagdalpur
1321,SALIM RAZA,Independent,357,Chhattisgarh - Jagdalpur
1322,PURUSHOTTAM SHUKLA,Rashtriya Gondvana Party,346,Chhattisgarh - Jagdalpur
1323,VIRENDRA  VAIDH(SINHA),Rashtriya Jansabha Party,335,Chhattisgarh - Jagdalpur
1324,VIMLESH DUBEY,Samajwadi Party,287,Chhattisgarh - Jagdalpur
1325,NANDLAL GUPTA(NANDU BHAIYYA),Bhartiya Naujawan Inklav Party,267,Chhattisgarh - Jagdalpur
1326,YASHODA VISHWAKARMA,Independent,213,Chhattisgarh - Jagdalpur
1327,None of the Above,None of the Above,936,Chhattisgarh - Jagdalpur
1328,DEEPAK  BAIJ,Indian National Congress,62616,Chhattisgarh - Chitrakot
1329,LACHHURAM KASHYAP,Bharatiya Janata Party,44846,Chhattisgarh - Chitrakot
1330,TANKESHWAR BHARDWAJ,Janta Congress Chhattisgarh (J),7494,Chhattisgarh - Chitrakot
1331,DHARMURAM KASHYAP,Independent,3032,Chhattisgarh - Chitrakot
1332,SURESH KAWASI ALIAS SARGEEM KAWASI,Shiv Sena,2297,Chhattisgarh - Chitrakot
1333,LAKHESHWAR KAWASI,Ambedkarite Party of India,1791,Chhattisgarh - Chitrakot
1334,DANTIRAM POYAM,Aam Aadmi Party,1517,Chhattisgarh - Chitrakot
1335,None of the Above,None of the Above,9824,Chhattisgarh - Chitrakot
1336,BHIMA MANDAVI,Bharatiya Janata Party,37990,Chhattisgarh - Dantewara
1337,DEVATI KARMA,Indian National Congress,35818,Chhattisgarh - Dantewara
1338,NANDA RAM SORI,Communist Party of India,12195,Chhattisgarh - Dantewara
1339,KESHAV NETAM,Bahujan Samaj Party,6119,Chhattisgarh - Dantewara
1340,BALOO RAM BHAWANI,Aam Aadmi Party,4903,Chhattisgarh - Dantewara
1341,JAYA KASHYAP,Independent,3555,Chhattisgarh - Dantewara
1342,SUDHRU RAM KUNJAM,Bhartiya Panchyat Party,3154,Chhattisgarh - Dantewara
1343,None of the Above,None of the Above,9929,Chhattisgarh - Dantewara
1344,VIKRAM MANDAVI,Indian National Congress,44011,Chhattisgarh - Bijapur
1345,MAHESH GAGDA,Bharatiya Janata Party,22427,Chhattisgarh - Bijapur
1346,CHANDRAIYA SAKNI,Janta Congress Chhattisgarh (J),2696,Chhattisgarh - Bijapur
1347,HARISH PAMBHOI,Independent,2004,Chhattisgarh - Bijapur
1348,SANTOSH PUNEM,Samajwadi Party,999,Chhattisgarh - Bijapur
1349,TRIPAT YALAM,Aam Aadmi Party,942,Chhattisgarh - Bijapur
1350,JAMES KUDIYAM,Independent,920,Chhattisgarh - Bijapur
1351,None of the Above,None of the Above,4703,Chhattisgarh - Bijapur
1352,KAWASI LAKHMA,Indian National Congress,31933,Chhattisgarh - Konta
1353,DHANIRAM BARSE,Bharatiya Janata Party,25224,Chhattisgarh - Konta
1354,MANISH KUNJAM,Communist Party of India,24549,Chhattisgarh - Konta
1355,VIJAY SODI,Chhattisgarh Swabhiman Manch,1660,Chhattisgarh - Konta
1356,BUDHRAM KARTAMI,Bahujan Samaj Party,1660,Chhattisgarh - Konta
1357,RAMDEV BAGHEL,Aam Aadmi Party,1619,Chhattisgarh - Konta
1358,None of the Above,None of the Above,4468,Chhattisgarh - Konta
